纸张核价表（2025.11.3）,,,,,,,,,,,,,,,,,,,,,,,,,,,,,,,,,,,,,,,
注意; 卷筒纸分切每吨加100元费用,,,,,,,,更新人：,,,张倩倩,,复核人,, ,,,,,,,,,,,,,,,,,,,,,,,,
其他纸张核价吨价=进货吨价*1.05,,,,,,,,,,,,,,,,,,,,,,,,,,,,,,,,,,,,,,,
特种纸张核价吨价=进货吨价*1.1,,,,,,,,,,,,,,,,,,,,,,,,,,,,,,,,,,,,,,,
^进货吨价及时查询仓库库存，每月不少于一次核价吨价调整                                      ,,,,,,,,更新时间：,,,2026/6/15,,复核时间,,,上涨,↑,,,,,,,,,,,,,,,,,,,,,,
说明：①报价为平张价格，卷筒-100元/吨，量大可另外报价；②卷筒纸分切每吨加100元费用；③特种纸张核价吨价=进货吨价*1.1（其他*1.05）；④进货吨价及时查询仓库库存，每月不少于一次核价吨价调整；⑤大单另外询价。以上不含运费。,,,,,,,,,,,,,,,,未调整,-,,,,,,,,,,,,,,,,,,,,,,
序号,种类,品牌,克重,供应商,报价,供应商,报价,供应商,报价,进货吨价,涨幅,核价吨价,标规单张,大规单张,备注,下跌,↓,,,,,,,,,,,,,,,,,,,,,,
1,双铜,太空梭,105,,,,,,,7610,停产,7838.3,0.71 ,0.87 ,摄影类画册专用纸-特级,,,,,,,,,,,,,,,,,,,,,,,,
2,双铜,太空梭,128,,,,,,,7410,停产,7632.3,0.84 ,1.04 ,摄影类画册专用纸-特级,,,,,,,,,,,,,,,,,,,,,,,,
3,双铜,太空梭,157,,,,,,,7410,停产,7632.3,1.03 ,1.27 ,摄影类画册专用纸-特级,,,,,,,,,,,,,,,,,,,,,,,,
4,双铜,太空梭,200,,,,,,,7410,停产,7632.3,1.31 ,1.62 ,摄影类画册专用纸-特级,,,,,,,,,,,,,,,,,,,,,,,,
5,双铜,王子尊玛,80,,,,,,,5610,↓,5778.3,0.40 ,0.49 ,,,,,,,,,,,,,,,,,,,,,,,,,
6,双铜,王子尊玛,105,,,,,,,5410,↓,5572.3,0.50 ,0.62 ,,,,,,,,,,,,,,,,,,,,,,,,,
7,双铜,王子尊玛,128,,,,,,,5210,↓,5366.3,0.59 ,0.73 ,,,,,,,,,,,,,,,,,,,,,,,,,
8,双铜,王子尊玛,157,,,,,,,5210,↓,5366.3,0.72 ,0.89 ,,,,,,,,,,,,,,,,,,,,,,,,,
9,双铜,酋长,300,,,,,,,4610,↓,4748.3,1.22 ,1.51 ,,,,,,,,,,,,,,,,,,,,,,,,,
10,双铜,酋长,350,,,,,,,4610,↓,4748.3,1.43 ,1.76 ,,,,,,,,,,,,,,,,,,,,,,,,,
11,双铜,酋长,400,,,,,,,4610,↓,4748.3,1.63 ,2.02 ,,,,,,,,,,,,,,,,,,,,,,,,,
12,双铜,华夏太阳,200,,,,,,,6760,↓,6962.8,1.20 ,1.48 ,封面,,,,,,,,,,,,,,,,,,,,,,,,
13,双铜,华夏太阳,250,,,,,,,6760,↓,6962.8,1.50 ,1.85 ,封面,,,,,,,,,,,,,,,,,,,,,,,,
14,双铜,华夏太阳,300,,,,,,,6760,↓,6962.8,1.80 ,2.22 ,封面,,,,,,,,,,,,,,,,,,,,,,,,
15,双铜,华夏太阳,350,,,,,,,6760,↓,6962.8,2.09 ,2.59 ,封面,,,,,,,,,,,,,,,,,,,,,,,,
16,双铜,华夏太阳,400,,,,,,,6760,↓,6962.8,2.39 ,2.96 ,封面,,,,,,,,,,,,,,,,,,,,,,,,
17,双铜,金海东帆,200,,,,,,,4910,↓,5057.3,0.87 ,1.07 ,,,,,,,,,,,,,,,,,,,,,,,,,
18,双铜,金海东帆,250,,,,,,,4910,↓,5057.3,1.09 ,1.34 ,,,,,,,,,,,,,,,,,,,,,,,,,
19,双铜,金海东帆,300,,,,,,,4910,↓,5057.3,1.30 ,1.61 ,,,,,,,,,,,,,,,,,,,,,,,,,
20,哑光铜,太空梭,105,,,,,,,5410,↓,5572.3,0.50 ,0.62 ,摄影类画册专用纸,,,,,,,,,,,,,,,,,,,,,,,,
21,哑光铜,太空梭,128,,,,,,,5310,↓,5469.3,0.60 ,0.74 ,摄影类画册专用纸,,,,,,,,,,,,,,,,,,,,,,,,
22,哑光铜,太空梭,157,,,,,,,5310,↓,5469.3,0.74 ,0.91 ,摄影类画册专用纸,,,,,,,,,,,,,,,,,,,,,,,,
23,哑光铜,太空梭,200,,,,,,,5310,↓,5469.3,0.94 ,1.16 ,摄影类画册专用纸,,,,,,,,,,,,,,,,,,,,,,,,
24,哑光铜,王子尊玛,80,,,,,,,5610,↓,5778.3,0.40 ,0.49 ,,,,,,,,,,,,,,,,,,,,,,,,,
25,哑光铜,王子尊玛,105,,,,,,,5410,↓,5572.3,0.50 ,0.62 ,,,,,,,,,,,,,,,,,,,,,,,,,
26,哑光铜,王子尊玛,128,,,,,,,5210,↓,5366.3,0.59 ,0.73 ,,,,,,,,,,,,,,,1,,,,,,,,,,
27,哑光铜,王子尊玛,157,,,,,,,5210,↓,5366.3,0.72 ,0.89 ,,,,,,,,,,,,,,,,,,,,,,,,,
28,哑光铜,金海东帆,200,,,,,,,4910,↓,5057.3,0.87 ,1.07 ,,,,,,,,,,,,,,,,,,,,,,,,,
29,哑光铜,金海东帆,250,,,,,,,4910,↓,5057.3,1.09 ,1.34 ,,,,,,,,,,,,,,,,,,,,,,,,,
30,哑光铜,金海东帆,300,,,,,,,4910,↓,5057.3,1.30 ,1.61 ,,,,,,,,,,,,,,,,,,,,,,,,,
31,胶版纸,阳谷轻型纸,80,,,,,,,5950,↓,6128.5,0.42 ,0.52 ,60g-80g同价,,,,,,,,,,,,,,,,,,,,,,,,
32,胶版纸,阳谷轻型纸,100,,,,,,,5950,↓,6128.5,0.53 ,0.65 ,,,,,,,,,,,,,,,,,,,,,,,,,
33,胶版纸,王子文仕,70,,,,,,,5760,↓,5932.8,0.36 ,0.44 ,,,,,,,,,,,,,,,,,,,,,,,,,
34,胶版纸,王子文仕,80,,,,,,,5760,↓,5932.8,0.41 ,0.50 ,,,,,,,,,,,,,,,,,,,,,,,,,
35,胶版纸,王子文仕,100,,,,,,,5760,↓,5932.8,0.51 ,0.63 ,70g-100g同价,,,,,,,,,,,,,,,,,,,,,,,,
36,胶版纸,王子文仕,120,,,,,,,5860,↓,6035.8,0.62 ,0.77 ,,,,,,,,,,,,,,,,,,,,,,,,,
37,灰卡纸,建晖,250,,,,,,,3760,↑,3872.8,0.83 ,1.03 ,,,,,,,,,,,,,,,,,,,,,,,,,
38,灰卡纸,建晖,300,,,,,,,3660,↑,3769.8,0.97 ,1.20 ,,,,,,,,,,,,,,,,,,,,,,,,,
39,灰卡纸,建晖,350,,,,,,,3560,↑,3666.8,1.10 ,1.36 ,,,,,,,,,,,,,,,,,,,,,,,,,
40,灰卡纸,建晖,400,,,,,,,3460,↑,3563.8,1.23 ,1.51 ,,,,,,,,,,,,,,,,,,,,,,,,,
41,灰卡纸,建晖,450,,,,,,,3460,↓,3563.8,1.38 ,1.70 ,,,,,,,,,,,,,,,,,,,,,,,,,
42,灰卡纸,汇丰,240,,,,,,,3560,↑,3666.8,0.76 ,0.93 ,,,,,,,,,,,,,,,,,,,,,,,,,
43,灰卡纸,汇丰,290,,,,,,,3460,↑,3563.8,0.89 ,1.10 ,,,,,,,,,,,,,,,,,,,,,,,,,
44,灰卡纸,汇丰,340,,,,,,,3360,↑,3460.8,1.01 ,1.25 ,,,,,,,,,,,,,,,,,,,,,,,,,
45,灰卡纸,汇丰,390,,,,,,,3360,↑,3460.8,1.16 ,1.43 ,,,,,,,,,,,,,,,,,,,,,,,,,
46,白卡,亚洲,230,,,,,,,4510,↓,4645.3,0.92 ,1.13 ,,,,,,,,,,,,,,,,,,,,,,,,,
47,白卡,亚洲,250,,,,,,,4210,↓,4336.3,0.93 ,1.15 ,,,,,,,,,,,,,,,,,,,,,,,,,
48,白卡,亚洲,300,,,,,,,4210,↓,4336.3,1.12 ,1.38 ,,,,,,,,,,,,,,,,,,,,,,,,,
49,白卡,亚洲,350,,,,,,,4210,↓,4336.3,1.30 ,1.61 ,,,,,,,,,,,,,,,,,,,,,,,,,
50,白卡,亚洲,400,,,,,,,4210,↓,4336.3,1.49 ,1.84 ,,,,,,,,,,,,,,,,,,,,,,,,,
51,单面牛皮纸,理文,150,,,,,,,5250,,5407.5,0.70 ,0.86 ,,,,,,,,,,,,,,,,,,,,,,,,,
52,单面牛皮纸,理文,200,,,,,,,5300,,5459,0.94 ,1.16 ,,,,,,,,,,,,,,,,,,,,,,,,,
53,单面牛皮纸,理文,250,,,,,,,5300,,5459,1.17 ,1.45 ,,,,,,,,,,,,,,,,,,,,,,,,,
54,单面牛皮纸,理文,300,,,,,,,5300,,5459,1.41 ,1.74 ,,,,,,,,,,,,,,,,,,,,,,,,,
55,双面牛皮纸,精牛,70,,,,,,,7500,,7725,0.46 ,0.57 ,,,,,,,,,,,,,,,,,,,,,,,,,
56,双面牛皮纸,精牛,80,,,,,,,7500,,7725,0.53 ,0.66 ,,,,,,,,,,,,,,,,,,,,,,,,,
57,双面牛皮纸,精牛,100,,,,,,,7500,,7725,0.66 ,0.82 ,,,,,,,,,,,,,,,,,,,,,,,,,
58,双面牛皮纸,精牛,120,,,,,,,7500,,7725,0.80 ,0.98 ,,,,,,,,,,,,,,,,,,,,,,,,,
59,双面牛皮纸,精牛,150,,,,,,,7500,,7725,1.00 ,1.23 ,,,,,,,,,,,,,,,,,,,,,,,,,
60,双面牛皮纸,国产,250,,,,,,,6600,,6798,1.46 ,1.80 ,,,,,,,,,,,,,,,,,,,,,,,,,
61,双面牛皮纸,国产,300,,,,,,,6600,,6798,1.75 ,2.16 ,,,,,,,,,,,,,,,,,,,,,,,,,
62,双面牛皮纸,国产,350,,,,,,,6600,,6798,2.04 ,2.53 ,,,,,,,,,,,,,,,,,,,,,,,,,
63,双面牛皮纸,国产,400,,,,,,,6600,,6798,2.34 ,2.89 ,,,,,,,,,,,,,,,,,,,,,,,,,
64,双面牛皮纸,俄卡,130,,,,,,,7800,,8034,0.90 ,1.11 ,,,,,,,,,,,,,,,,,,,,,,,,,
65,双面牛皮纸,俄卡,150,,,,,,,7800,,8034,1.04 ,1.28 ,,,,,,,,,,,,,,,,,,,,,,,,,
66,双面牛皮纸,俄卡,180,,,,,,,7800,,8034,1.24 ,1.54 ,,,,,,,,,,,,,,,,,,,,,,,,,
67,双面牛皮纸,美卡,210,,,,,,,7800,,8034,1.45 ,1.79 ,,,,,,,,,,,,,,,,,,,,,,,,,
68,双面牛皮纸,美卡,250,,,,,,,7800,,8034,1.73 ,2.13 ,,,,,,,,,,,,,,,,,,,,,,,,,
69,双面牛皮纸,美卡,300,,,,,,,7800,,8034,2.07 ,2.56 ,,,,,,,,,,,,,,,,,,,,,,,,,
70,双面牛皮纸,美卡,350,,,,,,,7800,,8034,2.42 ,2.98 ,,,,,,,,,,,,,,,,,,,,,,,,,
71,白牛皮纸,-,100,,,,,,,8500,,8755,0.75 ,0.93 ,,,,,,,,,,,,,,,,,,,,,,,,,
72,白牛皮纸,-,120,,,,,,,8500,,8755,0.90 ,1.12 ,,,,,,,,,,,,,,,,,,,,,,,,,
73,白牛皮纸,-,150,,,,,,,8500,,8755,1.13 ,1.39 ,,,,,,,,,,,,,,,,,,,,,,,,,
74,白牛皮纸,-,180,,,,,,,8500,,8755,1.35 ,1.67 ,,,,,,,,,,,,,,,,,,,,,,,,,
75,白牛皮纸,-,200,,,,,,,8500,,8755,1.50 ,1.86 ,,,,,,,,,,,,,,,,,,,,,,,,,
76,白牛皮纸,-,250,,,,,,,9000,,9270,1.99 ,2.46 ,,,,,,,,,,,,,,,,,,,,,,,,,
77,白牛皮纸,-,300,,,,,,,9000,,9270,2.39 ,2.95 ,,,,,,,,,,,,,,,,,,,,,,,,,
78,白牛皮纸,-,400,,,,,,,9000,,9270,3.19 ,3.94 ,,,,,,,,,,,,,,,,,,,,,,,,,
79,灰卡底衬,富勤,240,,,,,,,2960,-,3048.8,0.63 ,0.78 ,,,,,,,,,,,,,,,,,,,,,,,,,
