,,,,,,,,,,,,,,,,,,
,,,,,,,,,,,,,,,,,,
蓝碧源艺术纸价格表,,,,,,,,伯爵是按合作协议价11000/吨的，曼雅高感8800/吨，欧纯棉纸按市场价格7折，其他产品按市场价格75折执行，,,,,,,,,,,
产品系列,产品名称,平台编码,克重,颜色,规格,,"2026年
市场张价",,,,,,,,,,,
色域系列,新渲染色咭,A3313-120-W0201,120,超白,787,1092,4.4,,,,,,,,,,,
色域系列,新渲染色咭,A3313-180-W0201,180,超白,787,1092,6.6,,,,,,,,,,,
色域系列,新渲染色咭,A3313-280-W0201,280,超白,787,1092,10.2,,,,,,,,,,,
色域系列,新渲染色咭,A3313-120-W0401,120,暖白,787,1092,4.4,,,,,,,,,,,
色域系列,新渲染色咭,A3313-180-W0401,180,暖白,787,1092,6.6,,,,,,,,,,,
色域系列,新渲染色咭,A3313-280-W0401,280,暖白,787,1092,10.2,,,,,,,,,,,
色域系列,新渲染色咭,A3313-120-W1801,120,茶白,787,1092,4.4,,,,,,,,,,,
色域系列,新渲染色咭,A3313-180-W1801,180,茶白,787,1092,6.6,,,,,,,,,,,
色域系列,新渲染色咭,A3313-280-W1801,280,茶白,787,1092,10.2,,,,,,,,,,,
色域系列,新渲染色咭,A3313-120-H3201,120,高级灰,787,1092,5.2,,,,,,,,,,,
色域系列,新渲染色咭,A3313-180-H3201,180,高级灰,787,1092,7.7,,,,,,,,,,,
色域系列,新渲染色咭,A3313-280-H3201,280,高级灰,787,1092,12,,,,,,,,,,,
色域系列,新渲染色咭,A3313-120-H2501,120,浅灰,787,1092,5.2,,,,,,,,,,,
色域系列,新渲染色咭,A3313-180-H2501,180,浅灰,787,1092,7.7,,,,,,,,,,,
色域系列,新渲染色咭,A3313-280-H2501,280,浅灰,787,1092,12,,,,,,,,,,,
色域系列,新渲染色咭,A3313-120-H4301,120,英伦灰,787,1092,5.2,,,,,,,,,,,
色域系列,新渲染色咭,A3313-180-H4301,180,英伦灰,787,1092,7.7,,,,,,,,,,,
色域系列,新渲染色咭,A3313-280-H4301,280,英伦灰,787,1092,12,,,,,,,,,,,
色域系列,新渲染色咭,A3313-120-Y0101,120,米黄,787,1092,5.2,,,,,,,,,,,
色域系列,新渲染色咭,A3313-180-Y0101,180,米黄,787,1092,7.7,,,,,,,,,,,
色域系列,新渲染色咭,A3313-280-Y0101,280,米黄,787,1092,12,,,,,,,,,,,
色域系列,新渲染色咭,A3313-120-C0101,120,棕米,787,1092,5.2,,,,,,,,,,,
色域系列,新渲染色咭,A3313-180-C0101,180,棕米,787,1092,7.7,,,,,,,,,,,
色域系列,新渲染色咭,A3313-280-C0101,280,棕米,787,1092,12,,,,,,,,,,,
色域系列,新渲染色咭,A3313-120-C3501,120,香棕,787,1092,5.2,,,,,,,,,,,
色域系列,新渲染色咭,A3313-180-C3501,180,香棕,787,1092,7.7,,,,,,,,,,,
色域系列,新渲染色咭,A3313-280-C3501,280,香棕,787,1092,12,,,,,,,,,,,
色域系列,新渲染色咭,A3313-120-R1501,120,糖果粉,787,1092,5.2,,,,,,,,,,,
色域系列,新渲染色咭,A3313-180-R1501,180,糖果粉,787,1092,7.7,,,,,,,,,,,
色域系列,新渲染色咭,A3313-280-R1501,280,糖果粉,787,1092,12,,,,,,,,,,,
色域系列,新渲染色咭,A3313-120-R2201,120,西柚红,787,1092,5.2,,,,,,,,,,,
色域系列,新渲染色咭,A3313-180-R2201,180,西柚红,787,1092,7.7,,,,,,,,,,,
色域系列,新渲染色咭,A3313-280-R2201,280,西柚红,787,1092,12,,,,,,,,,,,
色域系列,新渲染色咭,A3313-120-H3601,120,深灰,787,1092,5.4,,,,,,,,,,,
色域系列,新渲染色咭,A3313-180-H3601,180,深灰,787,1092,8.1,,,,,,,,,,,
色域系列,新渲染色咭,A3313-280-H3601,280,深灰,787,1092,12.6,,,,,,,,,,,
色域系列,新渲染色咭,A3313-120-C0401,120,深棕,787,1092,5.4,,,,,,,,,,,
色域系列,新渲染色咭,A3313-180-C0401,180,深棕,787,1092,8.1,,,,,,,,,,,
色域系列,新渲染色咭,A3313-280-C0401,280,深棕,787,1092,12.6,,,,,,,,,,,
色域系列,新渲染色咭,A3313-120-R2301,120,石榴红,787,1092,5.4,,,,,,,,,,,
色域系列,新渲染色咭,A3313-180-R2301,180,石榴红,787,1092,8.1,,,,,,,,,,,
色域系列,新渲染色咭,A3313-280-R2301,280,石榴红,787,1092,12.6,,,,,,,,,,,
色域系列,新渲染色咭,A3313-120-G1001,120,缇芙蓝,787,1092,5.6,,,,,,,,,,,
色域系列,新渲染色咭,A3313-180-G1001,180,缇芙蓝,787,1092,8.1,,,,,,,,,,,
色域系列,新渲染色咭,A3313-280-G1001,280,缇芙蓝,787,1092,11.9,,,,,,,,,,,
色域系列,新渲染色咭,A3313-120-P0201,120,粉紫,787,1092,5.2,,,,,,,,,,,
色域系列,新渲染色咭,A3313-180-P0201,180,粉紫,787,1092,7.7,,,,,,,,,,,
色域系列,新渲染色咭,A3313-280-P0201,280,粉紫,787,1092,12,,,,,,,,,,,
色域系列,新渲染色咭,A3313-120-B0501,120,天蓝,787,1092,5.2,,,,,,,,,,,
色域系列,新渲染色咭,A3313-180-B0501,180,天蓝,787,1092,7.7,,,,,,,,,,,
色域系列,新渲染色咭,A3313-280-B0501,280,天蓝,787,1092,12,,,,,,,,,,,
色域系列,新渲染色咭,A3313-120-B2201,120,知更鸟蓝,787,1092,6.4,,,,,,,,,,,
色域系列,新渲染色咭,A3313-180-B2201,180,知更鸟蓝,787,1092,9.3,,,,,,,,,,,
色域系列,新渲染色咭,A3313-280-B2201,280,知更鸟蓝,787,1092,13.8,,,,,,,,,,,
色域系列,新渲染色咭,A3313-120-B1101,120,仙蓝,787,1092,5.9,,,,,,,,,,,
色域系列,新渲染色咭,A3313-180-B1101,180,仙蓝,787,1092,8.5,,,,,,,,,,,
色域系列,新渲染色咭,A3313-280-B1101,280,仙蓝,787,1092,12.5,,,,,,,,,,,
色域系列,新渲染色咭,A3313-120-G0801,120,糖果绿,787,1092,5.2,,,,,,,,,,,
色域系列,新渲染色咭,A3313-180-G0801,180,糖果绿,787,1092,7.7,,,,,,,,,,,
色域系列,新渲染色咭,A3313-280-G0801,280,糖果绿,787,1092,12,,,,,,,,,,,
色域系列,新渲染色咭,A3313-120-G1601,120,嫩绿,787,1092,5.2,,,,,,,,,,,
色域系列,新渲染色咭,A3313-180-G1601,180,嫩绿,787,1092,7.7,,,,,,,,,,,
色域系列,新渲染色咭,A3313-280-G1601,280,嫩绿,787,1092,12,,,,,,,,,,,
色域系列,新渲染色咭,A3313-120-G0501,120,草绿,787,1092,6.2,,,,,,,,,,,
色域系列,新渲染色咭,A3313-180-G0501,180,草绿,787,1092,8.9,,,,,,,,,,,
色域系列,新渲染色咭,A3313-280-G0501,280,草绿,787,1092,13.5,,,,,,,,,,,
色域系列,新渲染色咭,A3313-120-H4401,120,莫兰迪米,787,1092,5.2,,,,,,,,,,,
色域系列,新渲染色咭,A3313-180-H4401,180,莫兰迪米,787,1092,7.7,,,,,,,,,,,
色域系列,新渲染色咭,A3313-280-H4401,280,莫兰迪米,787,1092,12,,,,,,,,,,,
色域系列,新渲染色咭,A3313-120-Y1701,120,鹅蛋黄,787,1092,5.4,,,,,,,,,,,
色域系列,新渲染色咭,A3313-180-Y1701,180,鹅蛋黄,787,1092,8.4,,,,,,,,,,,
色域系列,新渲染色咭,A3313-280-Y1701,280,鹅蛋黄,787,1092,12.5,,,,,,,,,,,
色域系列,新渲染色咭,A3313-120-P0301,120,尚紫,787,1092,5.4,,,,,,,,,,,
色域系列,新渲染色咭,A3313-180-P0301,180,尚紫,787,1092,8.1,,,,,,,,,,,
色域系列,新渲染色咭,A3313-280-P0301,280,尚紫,787,1092,12.6,,,,,,,,,,,
色域系列,新渲染色咭,A3313-120-G1501,120,孔雀蓝,787,1092,6.7,,,,,,,,,,,
色域系列,新渲染色咭,A3313-180-G1501,180,孔雀蓝,787,1092,9.7,,,,,,,,,,,
色域系列,新渲染色咭,A3313-280-G1501,280,孔雀蓝,787,1092,14.4,,,,,,,,,,,
色域系列,新渲染色咭,A3313-120-Y1901,120,茶黄,787,1092,5.2,,,,,,,,,,,
色域系列,新渲染色咭,A3313-180-Y1901,180,茶黄,787,1092,7.7,,,,,,,,,,,
色域系列,新渲染色咭,A3313-280-Y1901,280,茶黄,787,1092,12,,,,,,,,,,,
色域系列,新渲染色咭,A3313-120-G1201,120,茶青,787,1092,5.2,,,,,,1,,,,,
色域系列,新渲染色咭,A3313-180-G1201,180,茶青,787,1092,7.7,,,,,,,,,,,
色域系列,新渲染色咭,A3313-280-G1201,280,茶青,787,1092,12,,,,,,,,,,,
色域系列,新渲染色咭,A3313-120-G1301,120,茶绿,787,1092,5.2,,,,,,,,,,,
色域系列,新渲染色咭,A3313-180-G1301,180,茶绿,787,1092,7.7,,,,,,,,,,,
色域系列,新渲染色咭,A3313-280-G1301,280,茶绿,787,1092,12,,,,,,,,,,,
色域系列,新渲染色咭,A3313-120-C3601,120,咖啡,787,1092,5.7,,,,,,,,,,,
色域系列,新渲染色咭,A3313-180-C3601,180,咖啡,787,1092,8.5,,,,,,,,,,,
色域系列,新渲染色咭,A3313-280-C3601,280,咖啡,787,1092,13.2,,,,,,,,,,,
色域系列,新渲染色咭,A3313-120-R2801,120,热情红,787,1092,6.2,,,,,,,,,,,
色域系列,新渲染色咭,A3313-180-R2801,180,热情红,787,1092,8.8,,,,,,,,,,,
色域系列,新渲染色咭,A3313-280-R2801,280,热情红,787,1092,13.5,,,,,,,,,,,
色域系列,新渲染色咭,A3313-120-R0401,120,大红,787,1092,5.9,,,,,,,,,,,
色域系列,新渲染色咭,A3313-180-R0401,180,大红,787,1092,8.4,,,,,,,,,,,
色域系列,新渲染色咭,A3313-280-R0401,280,大红,787,1092,12.5,,,,,,,,,,,
色域系列,新渲染色咭,A3313-120-R0801,120,深红,787,1092,5.7,,,,,,,,,,,
色域系列,新渲染色咭,A3313-180-R0801,180,深红,787,1092,8.5,,,,,,,,,,,
色域系列,新渲染色咭,A3313-280-R0801,280,深红,787,1092,13.2,,,,,,,,,,,
色域系列,新渲染色咭,A3313-120-C0601,120,红咖,787,1092,5.7,,,,,,,,,,,
色域系列,新渲染色咭,A3313-180-C0601,180,红咖,787,1092,8.5,,,,,,,,,,,
色域系列,新渲染色咭,A3313-280-C0601,280,红咖,787,1092,13.2,,,,,,,,,,,
色域系列,新渲染色咭,A3313-120-Y0401,120,橘红,787,1092,7,,,,,,,,,,,
色域系列,新渲染色咭,A3313-180-Y0401,180,橘红,787,1092,9.3,,,,,,,,,,,
色域系列,新渲染色咭,A3313-280-Y0401,280,橘红,787,1092,15,,,,,,,,,,,
色域系列,新渲染色咭,A3313-120-B1401,120,新宝蓝,787,1092,5.7,,,,,,,,,,,
色域系列,新渲染色咭,A3313-180-B1401,180,新宝蓝,787,1092,8.5,,,,,,,,,,,
色域系列,新渲染色咭,A3313-280-B1401,280,新宝蓝,787,1092,13.2,,,,,,,,,,,
色域系列,新渲染色咭,A3313-120-G0401,120,新绿,787,1092,5.7,,,,,,,,,,,
色域系列,新渲染色咭,A3313-180-G0401,180,新绿,787,1092,8.5,,,,,,,,,,,
色域系列,新渲染色咭,A3313-280-G0401,280,新绿,787,1092,13.2,,,,,,,,,,,
色域系列,新渲染色咭,A3313-120-G1401,120,青棕,787,1092,5.7,,,,,,,,,,,
色域系列,新渲染色咭,A3313-180-G1401,180,青棕,787,1092,8.5,,,,,,,,,,,
色域系列,新渲染色咭,A3313-280-G1401,280,青棕,787,1092,13.2,,,,,,,,,,,
色域系列,新渲染色咭,A3313-120-K0901,120,格黑,787,1092,6.5,,,,,,,,,,,
色域系列,新渲染色咭,A3313-180-K0901,180,格黑,787,1092,9.3,,,,,,,,,,,
色域系列,新渲染色咭,A3313-280-K0901,280,格黑,787,1092,13.9,,,,,,,,,,,
色域系列,新渲染色咭,A3313-120-C2101,120,巧克力,787,1092,5.7,,,,,,,,,,,
色域系列,新渲染色咭,A3313-180-C2101,180,巧克力,787,1092,8.5,,,,,,,,,,,
色域系列,新渲染色咭,A3313-280-C2101,280,巧克力,787,1092,13.2,,,,,,,,,,,
色域系列,新渲染色咭,A3313-120-R0701,120,酒红,787,1092,6.5,,,,,,,,,,,
色域系列,新渲染色咭,A3313-180-R0701,180,酒红,787,1092,9.7,,,,,,,,,,,
色域系列,新渲染色咭,A3313-280-R0701,280,酒红,787,1092,13.9,,,,,,,,,,,
色域系列,新渲染色咭,A3313-120-R0101,120,紫红,787,1092,6.4,,,,,,,,,,,
色域系列,新渲染色咭,A3313-180-R0101,180,紫红,787,1092,9,,,,,,,,,,,
色域系列,新渲染色咭,A3313-280-R0101,280,紫红,787,1092,13.9,,,,,,,,,,,
色域系列,新渲染色咭,A3313-120-P0401,120,魅紫,787,1092,5.9,,,,,,,,,,,
色域系列,新渲染色咭,A3313-180-P0401,180,魅紫,787,1092,8.9,,,,,,,,,,,
色域系列,新渲染色咭,A3313-280-P0401,280,魅紫,787,1092,13.8,,,,,,,,,,,
色域系列,新渲染色咭,A3313-120-B0601,120,靛蓝,787,1092,6.2,,,,,,,,,,,
色域系列,新渲染色咭,A3313-180-B0601,180,靛蓝,787,1092,9.3,,,,,,,,,,,
色域系列,新渲染色咭,A3313-280-B0601,280,靛蓝,787,1092,14.4,,,,,,,,,,,
色域系列,新渲染色咭,A3313-120-G0101,120,孔雀绿,787,1092,6.5,,,,,,,,,,,
色域系列,新渲染色咭,A3313-180-G0101,180,孔雀绿,787,1092,9.3,,,,,,,,,,,
色域系列,新渲染色咭,A3313-280-G0101,280,孔雀绿,787,1092,13.9,,,,,,,,,,,
色域系列,新渲染色咭,A3313-120-G2001,120,墨绿,787,1092,6.5,,,,,,,,,,,
色域系列,新渲染色咭,A3313-180-G2001,180,墨绿,787,1092,9.3,,,,,,,,,,,
色域系列,新渲染色咭,A3313-280-G2001,280,墨绿,787,1092,13.9,,,,,,,,,,,
色域系列,新摩登,A3301-120-W0401,120,暖白,787,1092,4.1,,,,,,,,,,,
色域系列,新摩登,A3301-270-W0401,270,暖白,787,1092,9.3,,,,,,,,,,,
色域系列,新摩登,A3301-120-H4301,120,英伦灰,787,1092,4.4,,,,,,,,,,,
色域系列,新摩登,A3301-270-H4301,270,英伦灰,787,1092,9.9,,,,,,,,,,,
色域系列,新摩登,A3301-120-K0201,120,格黑,787,1092,5.4,,,,,,,,,,,
色域系列,新摩登,A3301-270-K0201,270,格黑,787,1092,12.2,,,,,,,,,,,
色域系列,新摩登,A3301-120-H4401,120,莫兰迪米,787,1092,4.4,,,,,,,,,,,
色域系列,新摩登,A3301-270-H4401,270,莫兰迪米,787,1092,9.9,,,,,,,,,,,
色域系列,新摩登,A3301-120-G1401,120,青棕,787,1092,4.9,,,,,,,,,,,
色域系列,新摩登,A3301-270-G1401,270,青棕,787,1092,11,,,,,,,,,,,
色域系列,新摩登,A3301-120-C3601,120,咖啡,787,1092,4.6,,,,,,,,,,,
色域系列,新摩登,A3301-270-C3601,270,咖啡,787,1092,10.4,,,,,,,,,,,
色域系列,新摩登,A3301-120-R2201,120,西柚红,787,1092,4.4,,,,,,,,,,,
色域系列,新摩登,A3301-270-R2201,270,西柚红,787,1092,9.9,,,,,,,,,,,
色域系列,新摩登,A3301-120-R2301,120,石榴红,787,1092,4.6,,,,,,,,,,,
色域系列,新摩登,A3301-270-R2301,270,石榴红,787,1092,10.4,,,,,,,,,,,
色域系列,新摩登,A3301-120-R0801,120,朱红,787,1092,4.9,,,,,,,,,,,
色域系列,新摩登,A3301-270-R0801,270,朱红,787,1092,11,,,,,,,,,,,
色域系列,新摩登,A3301-120-B2201,120,知更鸟蓝,787,1092,4.6,,,,,,,,,,,
色域系列,新摩登,A3301-270-B2201,270,知更鸟蓝,787,1092,10.4,,,,,,,,,,,
色域系列,新摩登,A3301-120-G1501,120,孔雀蓝,787,1092,4.9,,,,,,,,,,,
色域系列,新摩登,A3301-270-G1501,270,孔雀蓝,787,1092,11,,,,,,,,,,,
色域系列,新摩登,A3301-120-B0601,120,深蓝,787,1092,4.9,,,,,,,,,,,
色域系列,新摩登,A3301-270-B0601,270,深蓝,787,1092,11,,,,,,,,,,,
色域系列,新年轮,A3302-120-W0201,120,超白,787,1092,4.1,,,,,,,,,,,
色域系列,新年轮,A3302-270-W0201,270,超白,787,1092,9.3,,,,,,,,,,,
色域系列,新年轮,A3302-120-H3201,120,高级灰,787,1092,4.4,,,,,,,,,,,
色域系列,新年轮,A3302-270-H3201,270,高级灰,787,1092,9.9,,,,,,,,,,,
色域系列,新年轮,A3302-120-H3601,120,深灰,787,1092,4.6,,,,,,,,,,,
色域系列,新年轮,A3302-270-H3601,270,深灰,787,1092,10.4,,,,,,,,,,,
色域系列,新年轮,A3302-120-K0201,120,格黑,787,1092,5.4,,,,,,,,,,,
色域系列,新年轮,A3302-270-K0201,270,格黑,787,1092,12.2,,,,,,,,,,,
色域系列,新年轮,A3302-120-Y0101,120,米黄,787,1092,4.4,,,,,,,,,,,
色域系列,新年轮,A3302-270-Y0101,270,米黄,787,1092,9.9,,,,,,,,,,,
色域系列,新年轮,A3302-120-C0101,120,棕米,787,1092,4.4,,,,,,,,,,,
色域系列,新年轮,A3302-270-C0101,270,棕米,787,1092,9.9,,,,,,,,,,,
色域系列,新年轮,A3302-120-C3501,120,卡其,787,1092,4.4,,,,,,,,,,,
色域系列,新年轮,A3302-270-C3501,270,卡其,787,1092,9.9,,,,,,,,,,,
色域系列,新年轮,A3302-120-C0401,120,深棕,787,1092,4.6,,,,,,,,,,,
色域系列,新年轮,A3302-270-C0401,270,深棕,787,1092,10.4,,,,,,,,,,,
色域系列,新年轮,A3302-120-C2101,120,巧克力,787,1092,4.9,,,,,,,,,,,
色域系列,新年轮,A3302-270-C2101,270,巧克力,787,1092,11,,,,,,,,,,,
色域系列,新年轮,A3302-120-G1601,120,嫩绿,787,1092,4.6,,,,,,,,,,,
色域系列,新年轮,A3302-270-G1601,270,嫩绿,787,1092,10.4,,,,,,,,,,,
色域系列,新年轮,A3302-120-G1301,120,茶绿,787,1092,4.6,,,,,,,,,,,
色域系列,新年轮,A3302-270-G1301,270,茶绿,787,1092,10.4,,,,,,,,,,,
色域系列,新年轮,A3302-120-G1401,120,青棕,787,1092,4.9,,,,,,,,,,,
色域系列,新年轮,A3302-270-G1401,270,青棕,787,1092,11,,,,,,,,,,,
色域系列,彩色皇朝,A3315-120-W0201,120,白色,787,1092,4.1,,,,,,,,,,,
色域系列,彩色皇朝,A3315-170-W0201,170,白色,787,1092,5.8,,,,,,,,,,,
色域系列,彩色皇朝,A3315-220-W0201,220,白色,787,1092,7.6,,,,,,,,,,,
色域系列,彩色皇朝,A3315-270-W0201,270,白色,787,1092,9.3,,,,,,,,,,,
色域系列,彩色皇朝,A3315-120-H3601,120,深灰,787,1092,4.6,,,,,,,,,,,
色域系列,彩色皇朝,A3315-170-H3601,170,深灰,787,1092,6.6,,,,,,,,,,,
色域系列,彩色皇朝,A3315-270-H3601,270,深灰,787,1092,10.4,,,,,,,,,,,
色域系列,彩色皇朝,A3315-120-K0201,120,黑色,787,1092,5.4,,,,,,,,,,,
色域系列,彩色皇朝,A3315-170-K0201,170,黑色,787,1092,7.7,,,,,,,,,,,
色域系列,彩色皇朝,A3315-270-K0201,270,黑色,787,1092,12.2,,,,,,,,,,,
色域系列,彩色皇朝,A3315-120-Y0101,120,米黄,787,1092,4.4,,,,,,,,,,,
色域系列,彩色皇朝,A3315-170-Y0101,170,米黄,787,1092,6.2,,,,,,,,,,,
色域系列,彩色皇朝,A3315-270-Y0101,270,米黄,787,1092,9.9,,,,,,,,,,,
色域系列,彩色皇朝,A3315-120-C0401,120,深棕,787,1092,4.6,,,,,,,,,,,
色域系列,彩色皇朝,A3315-270-C0401,270,深棕,787,1092,10.4,,,,,,,,,,,
色域系列,彩色皇朝,A3315-120-C0601,120,咖啡,787,1092,4.9,,,,,,,,,,,
色域系列,彩色皇朝,A3315-170-C0601,170,咖啡,787,1092,6.9,,,,,,,,,,,
色域系列,彩色皇朝,A3315-270-C0601,270,咖啡,787,1092,11,,,,,,,,,,,
色域系列,彩色皇朝,A3315-120-Y0401,120,橙色,787,1092,4.9,,,,,,,,,,,
色域系列,彩色皇朝,A3315-270-Y0401,270,橙色,787,1092,11,,,,,,,,,,,
色域系列,彩色皇朝,A3315-120-R1601,120,大红,787,1092,4.9,,,,,,,,,,,
色域系列,彩色皇朝,A3315-270-R1601,270,大红,787,1092,11,,,,,,,,,,,
色域系列,彩色皇朝,A3315-120-R0801,120,深红,787,1092,4.9,,,,,,,,,,,
色域系列,彩色皇朝,A3315-170-R0801,170,深红,787,1092,6.9,,,,,,,,,,,
色域系列,彩色皇朝,A3315-270-R0801,270,深红,787,1092,11,,,,,,,,,,,
色域系列,彩色皇朝,A3315-120-B0601,120,深蓝,787,1092,4.9,,,,,,,,,,,
色域系列,彩色皇朝,A3315-170-B0601,170,深蓝,787,1092,6.9,,,,,,,,,,,
色域系列,彩色皇朝,A3315-270-B0601,270,深蓝,787,1092,11,,,,,,,,,,,
色域系列,彩色皇朝,A3315-120-G0601,120,草绿,787,1092,4.9,,,,,,,,,,,
色域系列,彩色皇朝,A3315-270-G0601,270,草绿,787,1092,11,,,,,,,,,,,
色域系列,彩色皇朝,A3315-120-G0101,120,墨绿,787,1092,5.2,,,,,,,,,,,
色域系列,彩色皇朝,A3315-270-G0101,270,墨绿,787,1092,11.6,,,,,,,,,,,
色域系列,隐茶,A3321-120-W1801,120,茶白,787,1092,4.1,,,,,,,,,,,
色域系列,隐茶,A3321-170-W1801,170,茶白,787,1092,5.8,,,,,,,,,,,
色域系列,隐茶,A3321-270-W1801,270,茶白,787,1092,9.3,,,,,,,,,,,
色域系列,隐茶,A3321-120-Y1901,120,茶黄,787,1092,4.6,,,,,,,,,,,
色域系列,隐茶,A3321-170-Y1901,170,茶黄,787,1092,6.6,,,,,,,,,,,
色域系列,隐茶,A3321-270-Y1901,270,茶黄,787,1092,10.4,,,,,,,,,,,
色域系列,隐茶,A3321-120-G1201,120,茶青,787,1092,4.6,,,,,,,,,,,
色域系列,隐茶,A3321-170-G1201,170,茶青,787,1092,6.6,,,,,,,,,,,
色域系列,隐茶,A3321-270-G1201,270,茶青,787,1092,10.4,,,,,,,,,,,
色域系列,隐茶,A3321-120-G1301,120,茶绿,787,1092,4.9,,,,,,,,,,,
色域系列,隐茶,A3321-170-G1301,170,茶绿,787,1092,6.9,,,,,,,,,,,
色域系列,隐茶,A3321-270-G1301,270,茶绿,787,1092,11,,,,,,,,,,,
色域系列,隐茶,A3321-120-R2801,120,茶红,787,1092,4.9,,,,,,,,,,,
色域系列,隐茶,A3321-170-R2801,170,茶红,787,1092,6.9,,,,,,,,,,,
色域系列,隐茶,A3321-270-R2801,270,茶红,787,1092,11,,,,,,,,,,,
色域系列,隐茶,A3321-120-K0201,120,茶黑,787,1092,5.4,,,,,,,,,,,
色域系列,隐茶,A3321-170-K0201,170,茶黑,787,1092,7.7,,,,,,,,,,,
色域系列,隐茶,A3321-270-K0201,270,茶黑,787,1092,12.2,,,,,,,,,,,
色域系列,彩砂纹,A3314-120-W0401,120,暖白,787,1092,4.1,,,,,,,,,,,
色域系列,彩砂纹,A3314-270-W0401,270,暖白,787,1092,9.3,,,,,,,,,,,
色域系列,彩砂纹,A3314-120-H2501,120,浅灰,787,1092,4.4,,,,,,,,,,,
色域系列,彩砂纹,A3314-270-H2501,270,浅灰,787,1092,9.9,,,,,,,,,,,
色域系列,彩砂纹,A3314-120-H3601,120,深灰,787,1092,4.6,,,,,,,,,,,
色域系列,彩砂纹,A3314-270-H3601,270,深灰,787,1092,10.4,,,,,,,,,,,
色域系列,彩砂纹,A3314-120-K0201,120,格黑,787,1092,5.4,,,,,,,,,,,
色域系列,彩砂纹,A3314-270-K0201,270,格黑,787,1092,12.2,,,,,,,,,,,
色域系列,彩砂纹,A3314-120-Y0101,120,米黄,787,1092,4.4,,,,,,,,,,,
色域系列,彩砂纹,A3314-270-Y0101,270,米黄,787,1092,9.9,,,,,,,,,,,
色域系列,彩砂纹,A3314-120-C0101,120,棕米,787,1092,4.4,,,,,,,,,,,
色域系列,彩砂纹,A3314-270-C0101,270,棕米,787,1092,9.9,,,,,,,,,,,
色域系列,彩砂纹,A3314-120-C3501,120,浅棕,787,1092,4.4,,,,,,,,,,,
色域系列,彩砂纹,A3314-270-C3501,270,浅棕,787,1092,9.9,,,,,,,,,,,
色域系列,彩砂纹,A3314-120-C3601,120,咖啡,787,1092,4.9,,,,,,,,,,,
色域系列,彩砂纹,A3314-270-C3601,270,咖啡,787,1092,11,,,,,,,,,,,
色域系列,彩砂纹,A3314-120-P0201,120,粉紫,787,1092,4.4,,,,,,,,,,,
色域系列,彩砂纹,A3314-270-P0201,270,粉紫,787,1092,9.9,,,,,,,,,,,
色域系列,彩砂纹,A3314-120-P0301,120,尚紫,787,1092,4.9,,,,,,,,,,,
色域系列,彩砂纹,A3314-270-P0301,270,尚紫,787,1092,11,,,,,,,,,,,
色域系列,彩砂纹,A3314-120-P0401,120,魅紫,787,1092,5.2,,,,,,,,,,,
色域系列,彩砂纹,A3314-270-P0401,270,魅紫,787,1092,11.6,,,,,,,,,,,
色域系列,彩砂纹,A3314-120-B0501,120,天蓝,787,1092,4.4,,,,,,,,,,,
色域系列,彩砂纹,A3314-270-B0501,270,天蓝,787,1092,9.9,,,,,,,,,,,
色域系列,彩砂纹,A3314-120-B1101,120,仙蓝,787,1092,4.6,,,,,,,,,,,
色域系列,彩砂纹,A3314-270-B1101,270,仙蓝,787,1092,10.4,,,,,,,,,,,
色域系列,彩砂纹,A3314-120-B0601,120,深蓝,787,1092,5.2,,,,,,,,,,,
色域系列,彩砂纹,A3314-270-B0601,270,深蓝,787,1092,11.6,,,,,,,,,,,
色域系列,彩砂纹,A3314-120-R1501,120,糖果粉,787,1092,4.4,,,,,,,,,,,
色域系列,彩砂纹,A3314-270-R1501,270,糖果粉,787,1092,9.9,,,,,,,,,,,
色域系列,彩砂纹,A3314-120-Y0401,120,橙色,787,1092,4.9,,,,,,,,,,,
色域系列,彩砂纹,A3314-270-Y0401,270,橙色,787,1092,11,,,,,,,,,,,
色域系列,彩砂纹,A3314-120-R1601,120,大红,787,1092,4.9,,,,,,,,,,,
色域系列,彩砂纹,A3314-270-R1601,270,大红,787,1092,11,,,,,,,,,,,
色域系列,彩砂纹,A3314-120-R0701,120,酒红,787,1092,5.2,,,,,,,,,,,
色域系列,彩砂纹,A3314-270-R0701,270,酒红,787,1092,11.6,,,,,,,,,,,
色域系列,彩砂纹,A3314-120-Y1701,120,鹅蛋黄,787,1092,4.9,,,,,,,,,,,
色域系列,彩砂纹,A3314-270-Y1701,270,鹅蛋黄,787,1092,11,,,,,,,,,,,
色域系列,彩砂纹,A3314-120-G0801,120,糖果绿,787,1092,4.4,,,,,,,,,,,
色域系列,彩砂纹,A3314-270-G0801,270,糖果绿,787,1092,9.9,,,,,,,,,,,
色域系列,彩砂纹,A3314-120-G0401,120,新绿,787,1092,4.6,,,,,,,,,,,
色域系列,彩砂纹,A3314-270-G0401,270,新绿,787,1092,10.4,,,,,,,,,,,
色域系列,彩砂纹,A3314-120-G0601,120,草绿,787,1092,4.9,,,,,,,,,,,
色域系列,彩砂纹,A3314-270-G0601,270,草绿,787,1092,11,,,,,,,,,,,
色域系列,陨痕,A3317-120-W0401,120,暖白,787,1092,4.1,,,,,,,,,,,
色域系列,陨痕,A3317-270-W0401,270,暖白,787,1092,9.3,,,,,,,,,,,
色域系列,陨痕,A3317-120-H3201,120,高级灰,787,1092,4.4,,,,,,,,,,,
色域系列,陨痕,A3317-270-H3201,270,高级灰,787,1092,9.9,,,,,,,,,,,
色域系列,陨痕,A3317-120-C0101,120,棕米,787,1092,4.4,,,,,,,,,,,
色域系列,陨痕,A3317-270-C0101,270,棕米,787,1092,9.9,,,,,,,,,,,
色域系列,陨痕,A3317-120-H3601,120,深灰,787,1092,4.6,,,,,,,,,,,
色域系列,陨痕,A3317-270-H3601,270,深灰,787,1092,10.4,,,,,,,,,,,
色域系列,陨痕,A3317-120-K0201,120,格黑,787,1092,5.4,,,,,,,,,,,
色域系列,陨痕,A3317-270-K0201,270,格黑,787,1092,12.2,,,,,,,,,,,
色域系列,陨痕,A3317-120-Y1701,120,鹅蛋黄,787,1092,4.9,,,,,,,,,,,
色域系列,陨痕,A3317-270-Y1701,270,鹅蛋黄,787,1092,11,,,,,,,,,,,
色域系列,陨痕,A3317-120-R2801,120,热情红,787,1092,4.9,,,,,,,,,,,
色域系列,陨痕,A3317-270-R2801,270,热情红,787,1092,11,,,,,,,,,,,
色域系列,陨痕,A3317-120-B1101,120,仙蓝,787,1092,4.9,,,,,,,,,,,
色域系列,陨痕,A3317-270-B1101,270,仙蓝,787,1092,11,,,,,,,,,,,
色域系列,陨痕,A3317-120-B1401,120,新宝蓝,787,1092,4.9,,,,,,,,,,,
色域系列,陨痕,A3317-270-B1401,270,新宝蓝,787,1092,11,,,,,,,,,,,
色域系列,陨痕,A3317-120-G0601,120,草绿,787,1092,4.9,,,,,,,,,,,
色域系列,陨痕,A3317-270-G0601,270,草绿,787,1092,11,,,,,,,,,,,
色域系列,星点纸,A3309-110-W0101,110,超白,787,1092,4,,,,,,,,,,,
色域系列,星点纸,A3309-216-W0101,216,超白,787,1092,7.9,,,,,,,,,,,
色域系列,星点纸,A3309-270-W0101,270,超白,787,1092,9.9,,,,,,,,,,,
色域系列,星点纸,A3309-110-K0101,110,黑色,787,1092,5,,,,,,,,,,,
色域系列,星点纸,A3309-216-K0101,216,黑色,787,1092,9.7,,,,,,,,,,,
色域系列,星点纸,A3309-270-K0101,270,黑色,787,1092,12.2,,,,,,,,,,,
色域系列,星点纸,A3309-110-Y0101,110,米黄,787,1092,4.3,,,,,,,,,,,
色域系列,星点纸,A3309-216-Y0101,216,米黄,787,1092,8.4,,,,,,,,,,,
色域系列,星点纸,A3309-270-Y0101,270,米黄,787,1092,10.4,,,,,,,,,,,
色域系列,星点纸,A3309-110-Y0701,110,金桔,787,1092,4.7,,,,,,,,,,,
色域系列,星点纸,A3309-216-Y0701,216,金桔,787,1092,9.3,,,,,,,,,,,
色域系列,星点纸,A3309-270-Y0701,270,金桔,787,1092,11.6,,,,,,,,,,,
色域系列,星点纸,A3309-110-R0401,110,大红,787,1092,4.7,,,,,,,,,,,
色域系列,星点纸,A3309-216-R0401,216,大红,787,1092,9.3,,,,,,,,,,,
色域系列,星点纸,A3309-270-R0401,270,大红,787,1092,11.6,,,,,,,,,,,
色域系列,星点纸,A3309-110-B0401,110,宝蓝,787,1092,4.7,,,,,,,,,,,
色域系列,星点纸,A3309-216-B0401,216,宝蓝,787,1092,9.3,,,,,,,,,,,
色域系列,星点纸,A3309-270-B0401,270,宝蓝,787,1092,11.6,,,,,,,,,,,
色域系列,晶美纹,A3307-124-W0201,124,晶白,787,1092,8.6,,,,,,,,,,,
色域系列,晶美纹,A3307-284-W0201,284,晶白,787,1092,16,,,,,,,,,,,
色域系列,晶美纹,A3307-124-H1001,124,银灰,787,1092,8.6,,,,,,,,,,,
色域系列,晶美纹,A3307-284-H1001,284,银灰,787,1092,16,,,,,,,,,,,
色域系列,晶美纹,A3307-124-K0901,124,玛瑙黑,787,1092,9.9,,,,,,,,,,,
色域系列,晶美纹,A3307-284-K0901,284,玛瑙黑,787,1092,19.5,,,,,,,,,,,
色域系列,晶美纹,A3307-124-Y0101,124,晶米,787,1092,8.6,,,,,,,,,,,
色域系列,晶美纹,A3307-284-Y0101,284,晶米,787,1092,16,,,,,,,,,,,
色域系列,晶美纹,A3307-124-C0101,124,香槟,787,1092,8.6,,,,,,,,,,,
色域系列,晶美纹,A3307-284-C0101,284,香槟,787,1092,16,,,,,,,,,,,
色域系列,晶美纹,A3307-124-C3601,124,晶咖,787,1092,8.6,,,,,,,,,,,
色域系列,晶美纹,A3307-284-C3601,284,晶咖,787,1092,16,,,,,,,,,,,
色域系列,晶美纹,A3307-124-G0801,124,青柠荧,787,1092,8.6,,,,,,,,,,,
色域系列,晶美纹,A3307-284-G0801,284,青柠荧,787,1092,16,,,,,,,,,,,
色域系列,晶美纹,A3307-124-R1501,124,粉心荧,787,1092,8.6,,,,,,,,,,,
色域系列,晶美纹,A3307-284-R1501,284,粉心荧,787,1092,16,,,,,,,,,,,
色域系列,晶美纹,A3307-124-R0401,124,玛瑙红,787,1092,8.6,,,,,,,,,,,
色域系列,晶美纹,A3307-284-R0401,284,玛瑙红,787,1092,16,,,,,,,,,,,
色域系列,晶美纹,A3307-124-B0601,124,星空蓝,787,1092,8.6,,,,,,,,,,,
色域系列,晶美纹,A3307-284-B0601,284,星空蓝,787,1092,16,,,,,,,,,,,
色域系列,冰点纹,A3308-124-W0201,124,晶白,787,1092,8.6,,,,,,,,,,,
色域系列,冰点纹,A3308-284-W0201,284,晶白,787,1092,16,,,,,,,,,,,
色域系列,冰点纹,A3308-124-H1001,124,灰金,787,1092,8.6,,,,,,,,,,,
色域系列,冰点纹,A3308-284-H1001,284,灰金,787,1092,16,,,,,,,,,,,
色域系列,冰点纹,A3308-124-C3601,124,珍金,787,1092,8.6,,,,,,,,,,,
色域系列,冰点纹,A3308-284-C3601,284,珍金,787,1092,16,,,,,,,,,,,
色域系列,冰点纹,A3308-124-K0901,124,玛瑙黑,787,1092,9.6,,,,,,,,,,,
色域系列,冰点纹,A3308-284-K0901,284,玛瑙黑,787,1092,18,,,,,,,,,,,
色域系列,冰点纹,A3308-124-G0401,124,新绿,787,1092,8.6,,,,,,,,,,,
色域系列,冰点纹,A3308-284-G0401,284,新绿,787,1092,16,,,,,,,,,,,
色域系列,冰点纹,A3308-124-R2801,124,玫红,787,1092,8.6,,,,,,,,,,,
色域系列,冰点纹,A3308-284-R2801,284,玫红,787,1092,16,,,,,,,,,,,
色域系列,冰点纹,A3308-124-B0501,124,水蓝,787,1092,8.6,,,,,,,,,,,
色域系列,冰点纹,A3308-284-B0501,284,水蓝,787,1092,16,,,,,,,,,,,
色域系列,冰点纹,A3308-124-B1101,124,仙蓝,787,1092,8.6,,,,,,,,,,,
色域系列,冰点纹,A3308-284-B1101,284,仙蓝,787,1092,16,,,,,,,,,,,
色域系列,冰点纹,A3308-124-P0301,124,尚紫,787,1092,8.6,,,,,,,,,,,
色域系列,冰点纹,A3308-284-P0301,284,尚紫,787,1092,16,,,,,,,,,,,
色域系列,新星梦,A3305-120-W0201,120,星白,787,1092,7.6,,,,,,,,,,,
色域系列,新星梦,A3305-285-W0201,285,星白,787,1092,14,,,,,,,,,,,
色域系列,新星梦,A3305-120-H1301,120,银灰,787,1092,7.6,,,,,,,,,,,
色域系列,新星梦,A3305-285-H1301,285,银灰,787,1092,14,,,,,,,,,,,
色域系列,新星梦,A3305-120-H1601,120,深银灰,787,1092,7.6,,,,,,,,,,,
色域系列,新星梦,A3305-285-H1601,285,深银灰,787,1092,14,,,,,,,,,,,
色域系列,新星梦,A3305-120-K0901,120,玄黑,787,1092,10.8,,,,,,,,,,,
色域系列,新星梦,A3305-285-K0901,285,玄黑,787,1092,19.8,,,,,,,,,,,
色域系列,新星梦,A3305-120-Y0101,120,星光米,787,1092,7.6,,,,,,,,,,,
色域系列,新星梦,A3305-285-Y0101,285,星光米,787,1092,14,,,,,,,,,,,
色域系列,新星梦,A3305-120-H3901,120,香槟,787,1092,7.6,,,,,,,,,,,
色域系列,新星梦,A3305-285-H3901,285,香槟,787,1092,14,,,,,,,,,,,
色域系列,新星梦,A3305-120-C0301,120,星金,787,1092,9.2,,,,,,,,,,,
色域系列,新星梦,A3305-285-C0301,285,星金,787,1092,16,,,,,,,,,,,
色域系列,新星梦,A3305-120-R0201,120,古铜,787,1092,9.2,,,,,,,,,,,
色域系列,新星梦,A3305-285-R0201,285,古铜,787,1092,17.1,,,,,,,,,,,
色域系列,新星梦,A3305-120-K0301,120,星棕,787,1092,7.6,,,,,,,,,,,
色域系列,新星梦,A3305-285-K0301,285,星棕,787,1092,16,,,,,,,,,,,
色域系列,新星梦,A3305-120-Y1101,120,金色,787,1092,10.8,,,,,,,,,,,
色域系列,新星梦,A3305-285-Y1101,285,金色,787,1092,19.8,,,,,,,,,,,
色域系列,新星梦,A3305-120-Y1401,120,金桔,787,1092,10.3,,,,,,,,,,,
色域系列,新星梦,A3305-285-Y1401,285,金桔,787,1092,17.1,,,,,,,,,,,
色域系列,新星梦,A3305-120-R2801,120,热情红,787,1092,9.2,,,,,,,,,,,
色域系列,新星梦,A3305-285-R2801,285,热情红,787,1092,16,,,,,,,,,,,
色域系列,新星梦,A3305-120-R0801,120,星红,787,1092,9.2,,,,,,,,,,,
色域系列,新星梦,A3305-285-R0801,285,星红,787,1092,16,,,,,,,,,,,
色域系列,新星梦,A3305-120-G1001,120,缇芙兰,787,1092,9.2,,,,,,,,,,,
色域系列,新星梦,A3305-285-G1001,285,缇芙兰,787,1092,16,,,,,,,,,,,
色域系列,新星梦,A3305-120-BK0901,120,宝石蓝,787,1092,9.2,,,,,,,,,,,
色域系列,新星梦,A3305-285-BK0901,285,宝石蓝,787,1092,16,,,,,,,,,,,
色域系列,新星梦,A3305-120-G0501,120,翠绿,787,1092,9.2,,,,,,,,,,,
色域系列,新星梦,A3305-285-G0501,285,翠绿,787,1092,16,,,,,,,,,,,
色域系列,细绒纹,A3316-130-W0201,130,超白,787,1092,9.6,,,,,,,,,,,
色域系列,细绒纹,A3316-280-W0201,280,超白,787,1092,16.8,,,,,,,,,,,
色域系列,细绒纹,A3316-130-H2501,130,浅灰,787,1092,9.6,,,,,,,,,,,
色域系列,细绒纹,A3316-280-H2501,280,浅灰,787,1092,16.8,,,,,,,,,,,
色域系列,细绒纹,A3316-130-K0901,130,格黑,787,1092,10.6,,,,,,,,,,,
色域系列,细绒纹,A3316-280-K0901,280,格黑,787,1092,18.8,,,,,,,,,,,
色域系列,细绒纹,A3316-130-Y0101,130,米黄,787,1092,9.6,,,,,,,,,,,
色域系列,细绒纹,A3316-280-Y0101,280,米黄,787,1092,16.8,,,,,,,,,,,
色域系列,细绒纹,A3316-130-C0101,130,棕米,787,1092,9.6,,,,,,,,,,,
色域系列,细绒纹,A3316-280-C0101,280,棕米,787,1092,16.8,,,,,,,,,,,
色域系列,细绒纹,A3316-130-C3601,130,咖啡,787,1092,10.6,,,,,,,,,,,
色域系列,细绒纹,A3316-280-C3601,280,咖啡,787,1092,18.8,,,,,,,,,,,
色域系列,细绒纹,A3316-130-R2201,130,西柚红,787,1092,9.6,,,,,,,,,,,
色域系列,细绒纹,A3316-280-R2201,280,西柚红,787,1092,16.8,,,,,,,,,,,
色域系列,细绒纹,A3316-130-R2801,130,热情红,787,1092,10.6,,,,,,,,,,,
色域系列,细绒纹,A3316-280-R2801,280,热情红,787,1092,18.8,,,,,,,,,,,
色域系列,细绒纹,A3316-130-B2201,130,知更鸟蓝,787,1092,9.6,,,,,,,,,,,
色域系列,细绒纹,A3316-280-B2201,280,知更鸟蓝,787,1092,16.8,,,,,,,,,,,
色域系列,细绒纹,A3316-130-G1501,130,孔雀蓝,787,1092,9.6,,,,,,,,,,,
色域系列,细绒纹,A3316-280-G1501,280,孔雀蓝,787,1092,16.8,,,,,,,,,,,
色域系列,细绒纹,A3316-130-B1401,130,新宝蓝,787,1092,10.6,,,,,,,,,,,
色域系列,细绒纹,A3316-280-B1401,280,新宝蓝,787,1092,18.8,,,,,,,,,,,
色域系列,细绒纹,A3316-130-H4401,130,莫兰迪米,787,1092,9.6,,,,,,,,,,,
色域系列,细绒纹,A3316-280-H4401,280,莫兰迪米,787,1092,16.8,,,,,,,,,,,
色域系列,细绒纹,A3316-130-G1401,130,青棕,787,1092,10.6,,,,,,,,,,,
色域系列,细绒纹,A3316-280-G1401,280,青棕,787,1092,18.8,,,,,,,,,,,
色域系列,美肌,A3304-130-W0201,130,白色,787,1092,12,,,,,,,,,,,
色域系列,美肌,A3304-330-W0201,330,白色,787,1092,30,,,,,,,,,,,
色域系列,美肌,A3304-130-HK0801,130,米白,787,1092,12,,,,,,,,,,,
色域系列,美肌,A3304-330-HK0801,330,米白,787,1092,30,,,,,,,,,,,
色域系列,美肌,A3304-130-K0801,130,灰色,787,1092,12,,,,,,,,,,,
色域系列,美肌,A3304-330-K0801,330,灰色,787,1092,30,,,,,,,,,,,
色域系列,美肌,A3304-130-W0301,130,黑色,787,1092,12,,,,,,,,,,,
色域系列,美肌,A3304-330-W0301,330,黑色,787,1092,30,,,,,,,,,,,
色域系列,美肌,A3304-130-C0801,130,深咖,787,1092,12,,,,,,,,,,,
色域系列,美肌,A3304-330-C0801,330,深咖,787,1092,30,,,,,,,,,,,
色域系列,美肌,A3304-130-Y0401,130,橙色,787,1092,12,,,,,,,,,,,
色域系列,美肌,A3304-330-Y0401,330,橙色,787,1092,30,,,,,,,,,,,
色域系列,美肌,A3304-130-R0401,130,鲜红,787,1092,12,,,,,,,,,,,
色域系列,美肌,A3304-330-R0401,330,鲜红,787,1092,30,,,,,,,,,,,
色域系列,美肌,A3304-130-R0801,130,酒红,787,1092,12,,,,,,,,,,,
色域系列,美肌,A3304-330-R0801,330,酒红,787,1092,30,,,,,,,,,,,
色域系列,美肌,A3304-130-BK0801,130,深蓝,787,1092,12,,,,,,,,,,,
色域系列,美肌,A3304-330-BK0801,330,深蓝,787,1092,30,,,,,,,,,,,
博苒系列,博苒优彩,A4401-125-W0401,125,白色,787,1092,2.7,,,,,,,,,,,
博苒系列,博苒优彩,A4401-125-W0403,125,白色,889,635,1.8,,,,,,,,,,,
博苒系列,博苒优彩,A4401-200-W0401,200,白色,787,1092,4.3,,,,,,,,,,,
博苒系列,博苒优彩,A4401-200-W0403,200,白色,889,635,2.8,,,,,,,,,,,
博苒系列,博苒优彩,A4401-270-W0401,270,白色,787,1092,5.8,,,,,,,,,,,
博苒系列,博苒优彩,A4401-270-W0403,270,白色,889,635,3.8,,,,,,,,,,,
博苒系列,博苒优彩,A4401-300-W0401,300,白色,787,1092,6.4,,,,,,,,,,,
博苒系列,博苒优彩,A4401-300-W0403,300,白色,889,635,4.2,,,,,,,,,,,
博苒系列,博苒优彩,A4401-350-W0401,350,白色,787,1092,7.5,,,,,,,,,,,
博苒系列,博苒原白,A4402-120-W0401,120,原白,787,1092,2.4,,,,,,,,,,,
博苒系列,博苒原白,A4402-180-W0401,180,原白,787,1092,3.6,,,,,,,,,,,
博苒系列,博苒原白,A4402-250-W0401,250,原白,787,1092,4.9,,,,,,,,,,,
博苒系列,博苒原白,A4402-280-W0401,280,原白,787,1092,5.5,,,,,,,,,,,
博苒系列,博苒原白,A4402-330-W0401,330,原白,787,1092,6.5,,,,,,,,,,,
博苒系列,博苒优黑,A4403-120-K0901,120,优黑,787,1092,6.3,,,,,,,,,,,
博苒系列,博苒优黑,A4403-180-K0901,180,优黑,787,1092,9.5,,,,,,,,,,,
博苒系列,博苒优黑,A4403-250-K0901,250,优黑,787,1092,13.2,,,,,,,,,,,
博苒系列,博苒优黑,A4403-330-K0901,330,优黑,787,1092,17.4,,,,,,,,,,,
博苒系列,博苒牛津,A4405-120-W0401,120,白色,787,1092,3.9,,,,,,,,,,,
博苒系列,博苒牛津,A4405-180-W0401,180,白色,787,1092,5.8,,,,,,,,,,,
博苒系列,博苒牛津,A4405-250-W0401,250,白色,787,1092,8.1,,,,,,,,,,,
博苒系列,博苒牛津,A4405-280-W0401,280,白色,787,1092,9,,,,,,,,,,,
博苒系列,博苒牛津,A4405-330-W0401,330,白色,787,1092,10.6,,,,,,,,,,,
博苒系列,博苒牛津,A4405-120-K0901,120,优黑,787,1092,5.4,,,,,,,,,,,
博苒系列,博苒牛津,A4405-180-K0901,180,优黑,787,1092,8.1,,,,,,,,,,,
博苒系列,博苒牛津,A4405-250-K0901,250,优黑,787,1092,11.3,,,,,,,,,,,
博苒系列,博苒牛津,A4405-330-K0901,330,优黑,787,1092,14.9,,,,,,,,,,,
博苒系列,博苒雅格,A4404-120-W0401,120,白色,787,1092,3.9,,,,,,,,,,,
博苒系列,博苒雅格,A4404-180-W0401,180,白色,787,1092,5.8,,,,,,,,,,,
博苒系列,博苒雅格,A4404-250-W0401,250,白色,787,1092,8.1,,,,,,,,,,,
博苒系列,博苒雅格,A4404-280-W0401,280,白色,787,1092,9,,,,,,,,,,,
博苒系列,博苒雅格,A4404-330-W0401,330,白色,787,1092,10.6,,,,,,,,,,,
博苒系列,博苒雅格,A4404-120-K0901,120,优黑,787,1092,5.4,,,,,,,,,,,
博苒系列,博苒雅格,A4404-180-K0901,180,优黑,787,1092,8.1,,,,,,,,,,,
博苒系列,博苒雅格,A4404-250-K0901,250,优黑,787,1092,11.3,,,,,,,,,,,
博苒系列,博苒雅格,A4404-330-K0901,330,优黑,787,1092,14.9,,,,,,,,,,,
博苒系列,博苒朗格,A4406-120-W0401,120,白色,787,1092,3.9,,,,,,,,,,,
博苒系列,博苒朗格,A4406-180-W0401,180,白色,787,1092,5.8,,,,,,,,,,,
博苒系列,博苒朗格,A4406-250-W0401,250,白色,787,1092,8.1,,,,,,,,,,,
博苒系列,博苒朗格,A4406-280-W0401,280,白色,787,1092,9,,,,,,,,,,,
博苒系列,博苒朗格,A4406-330-W0401,330,白色,787,1092,10.6,,,,,,,,,,,
博苒系列,博苒朗格,A4406-120-K0901,120,优黑,787,1092,5.4,,,,,,,,,,,
博苒系列,博苒朗格,A4406-180-K0901,180,优黑,787,1092,8.1,,,,,,,,,,,
博苒系列,博苒朗格,A4406-250-K0901,250,优黑,787,1092,11.3,,,,,,,,,,,
博苒系列,博苒朗格,A4406-330-K0901,330,优黑,787,1092,14.9,,,,,,,,,,,
博苒系列,博苒时尚,A4407-120-W0401,120,白色,787,1092,3.9,,,,,,,,,,,
博苒系列,博苒时尚,A4407-180-W0401,180,白色,787,1092,5.8,,,,,,,,,,,
博苒系列,博苒时尚,A4407-250-W0401,250,白色,787,1092,8.1,,,,,,,,,,,
博苒系列,博苒时尚,A4407-280-W0401,280,白色,787,1092,9,,,,,,,,,,,
博苒系列,博苒时尚,A4407-330-W0401,330,白色,787,1092,10.6,,,,,,,,,,,
博苒系列,博苒时尚,A4407-120-K0901,120,优黑,787,1092,5.4,,,,,,,,,,,
博苒系列,博苒时尚,A4407-180-K0901,180,优黑,787,1092,8.1,,,,,,,,,,,
博苒系列,博苒时尚,A4407-250-K0901,250,优黑,787,1092,11.3,,,,,,,,,,,
博苒系列,博苒时尚,A4407-330-K0901,330,优黑,787,1092,14.9,,,,,,,,,,,
博苒系列,博苒茶纸,A4410-120-W0601,120,茶白,787,1092,4.6,,,,,,,,,,,
博苒系列,博苒茶纸,A4410-180-W0601,180,茶白,787,1092,7,,,,,,,,,,,
博苒系列,博苒茶纸,A4410-250-W0601,250,茶白,787,1092,9.7,,,,,,,,,,,
博苒系列,博苒茶纸,A4410-330-W0601,330,茶白,787,1092,12.8,,,,,,,,,,,
博苒系列,博苒茶纸,A4410-120-C2401,120,茶米,787,1092,4.6,,,,,,,,,,,
博苒系列,博苒茶纸,A4410-180-C2401,180,茶米,787,1092,7,,,,,,,,,,,
博苒系列,博苒茶纸,A4410-250-C2401,250,茶米,787,1092,9.7,,,,,,,,,,,
博苒系列,博苒茶纸,A4410-330-C2401,330,茶米,787,1092,12.8,,,,,,,,,,,
博苒系列,博苒茶纸,A4410-120-C2501,120,茶棕,787,1092,4.6,,,,,,,,,,,
博苒系列,博苒茶纸,A4410-180-C2501,180,茶棕,787,1092,7,,,,,,,,,,,
博苒系列,博苒茶纸,A4410-250-C2501,250,茶棕,787,1092,9.7,,,,,,,,,,,
博苒系列,博苒茶纸,A4410-330-C2501,330,茶棕,787,1092,12.8,,,,,,,,,,,
博苒系列,博苒再生纸,A4411-120-F5001,120,自然白,787,1092,4.6,,,,,,,,,,,
博苒系列,博苒再生纸,A4411-180-F5001,180,自然白,787,1092,7,,,,,,,,,,,
博苒系列,博苒再生纸,A4411-250-F5001,250,自然白,787,1092,9.7,,,,,,,,,,,
博苒系列,博苒再生纸,A4411-350-F5001,350,自然白,787,1092,13.5,,,,,,,,,,,
博苒系列,博苒再生纸,A4411-120-F5101,120,沙尘色,787,1092,4.6,,,,,,,,,,,
博苒系列,博苒再生纸,A4411-180-F5101,180,沙尘色,787,1092,7,,,,,,,,,,,
博苒系列,博苒再生纸,A4411-250-F5101,250,沙尘色,787,1092,9.7,,,,,,,,,,,
博苒系列,博苒再生纸,A4411-350-F5101,350,沙尘色,787,1092,13.5,,,,,,,,,,,
博苒系列,博苒再生纸,A4411-120-F5201,120,雾霾灰,787,1092,4.6,,,,,,,,,,,
博苒系列,博苒再生纸,A4411-180-F5201,180,雾霾灰,787,1092,7,,,,,,,,,,,
博苒系列,博苒再生纸,A4411-250-F5201,250,雾霾灰,787,1092,9.7,,,,,,,,,,,
博苒系列,博苒再生纸,A4411-350-F5201,350,雾霾灰,787,1092,13.5,,,,,,,,,,,
博苒系列,博苒再生纸,A4411-120-F5401,120,环保棕,787,1092,4.6,,,,,,,,,,,
博苒系列,博苒再生纸,A4411-180-F5401,180,环保棕,787,1092,7,,,,,,,,,,,
博苒系列,博苒再生纸,A4411-250-F5401,250,环保棕,787,1092,9.7,,,,,,,,,,,
博苒系列,博苒再生纸,A4411-350-F5401,350,环保棕,787,1092,13.5,,,,,,,,,,,
博苒系列,博苒再生纸,A4411-120-F5301,120,烟尘灰,787,1092,4.6,,,,,,,,,,,
博苒系列,博苒再生纸,A4411-180-F5301,180,烟尘灰,787,1092,7,,,,,,,,,,,
博苒系列,博苒再生纸,A4411-250-F5301,250,烟尘灰,787,1092,9.7,,,,,,,,,,,
博苒系列,博苒再生纸,A4411-350-F5301,350,烟尘灰,787,1092,13.5,,,,,,,,,,,
博苒系列,博苒再生纸,A4411-120-F5501,120,低碳黑,787,1092,5.7,,,,,,,,,,,
博苒系列,博苒再生纸,A4411-180-F5501,180,低碳黑,787,1092,8.5,,,,,,,,,,,
博苒系列,博苒再生纸,A4411-250-F5501,250,低碳黑,787,1092,11.8,,,,,,,,,,,
博苒系列,博苒再生纸,A4411-350-F5501,350,低碳黑,787,1092,16.5,,,,,,,,,,,
博苒系列,博苒草本飘香,A4413-120-W1301,120,菊白,787,1092,5.2,,,,,,,,,,,
博苒系列,博苒草本飘香,A4413-250-W1301,250,菊白,787,1092,10.7,,,,,,,,,,,
博苒系列,博苒草本飘香,A4413-330-W1301,330,菊白,787,1092,14.2,,,,,,,,,,,
博苒系列,博苒草本飘香,A4413-120-Y2301,120,米黄,787,1092,5.2,,,,,,,,,,,
博苒系列,博苒草本飘香,A4413-250-Y2301,250,米黄,787,1092,10.7,,,,,,,,,,,
博苒系列,博苒草本飘香,A4413-330-Y2301,330,米黄,787,1092,14.2,,,,,,,,,,,
博苒系列,博苒草本飘香,A4413-120-H5001,120,青灰,787,1092,5.4,,,,,,,,,,,
博苒系列,博苒草本飘香,A4413-250-H5001,250,青灰,787,1092,11.3,,,,,,,,,,,
博苒系列,博苒草本飘香,A4413-330-H5001,330,青灰,787,1092,14.9,,,,,,,,,,,
博苒系列,博苒草本飘香,A4413-120-C3001,120,苔绿,787,1092,6.2,,,,,,,,,,,
博苒系列,博苒草本飘香,A4413-250-C3001,250,苔绿,787,1092,12.9,,,,,,,,,,,
博苒系列,博苒草本飘香,A4413-330-C3001,330,苔绿,787,1092,17,,,,,,,,,,,
博苒系列,博苒草本飘香,A4413-120-Y2201,120,姜黄,787,1092,6.2,,,,,,,,,,,
博苒系列,博苒草本飘香,A4413-250-Y2201,250,姜黄,787,1092,12.9,,,,,,,,,,,
博苒系列,博苒草本飘香,A4413-330-Y2201,330,姜黄,787,1092,17,,,,,,,,,,,
博苒系列,博苒草本飘香,A4413-120-C2901,120,瓦红,787,1092,6.2,,,,,,,,,,,
博苒系列,博苒草本飘香,A4413-250-C2901,250,瓦红,787,1092,12.9,,,,,,,,,,,
博苒系列,博苒草本飘香,A4413-330-C2901,330,瓦红,787,1092,17,,,,,,,,,,,
博苒系列,博苒草本飘香,A4413-120-C2801,120,咖棕,787,1092,6.2,,,,,,,,,,,
博苒系列,博苒草本飘香,A4413-250-C2801,250,咖棕,787,1092,12.9,,,,,,,,,,,
博苒系列,博苒草本飘香,A4413-330-C2801,330,咖棕,787,1092,17,,,,,,,,,,,
博苒系列,博苒咖啡纸,A4414-090-C52S01,90,摩卡深咖,787,1092,3.7,,,,,,,,,,,
博苒系列,博苒咖啡纸,A4414-120-C52S01,120,摩卡深咖,787,1092,4.9,,,,,,,,,,,
博苒系列,博苒咖啡纸,A4414-190-C52S01,190,摩卡深咖,787,1092,7.8,,,,,,,,,,,
博苒系列,博苒咖啡纸,A4414-330-C52S01,330,摩卡深咖,787,1092,13.5,,,,,,,,,,,
博苒系列,博苒咖啡纸,A4414-090-C53S01,90,拿铁奶棕,787,1092,3.5,,,,,,,,,,,
博苒系列,博苒咖啡纸,A4414-120-C53S01,120,拿铁奶棕,787,1092,4.6,,,,,,,,,,,
博苒系列,博苒咖啡纸,A4414-190-C53S01,190,拿铁奶棕,787,1092,7.3,,,,,,,,,,,
博苒系列,博苒咖啡纸,A4414-330-C53S01,330,拿铁奶棕,787,1092,12.8,,,,,,,,,,,
博苒系列,博苒咖啡纸,A4414-090-G35S01,90,油柑绿,787,1092,3.5,,,,,,,,,,,
博苒系列,博苒咖啡纸,A4414-120-G35S01,120,油柑绿,787,1092,4.6,,,,,,,,,,,
博苒系列,博苒咖啡纸,A4414-190-G35S01,190,油柑绿,787,1092,7.3,,,,,,,,,,,
博苒系列,博苒咖啡纸,A4414-330-G35S01,330,油柑绿,787,1092,12.8,,,,,,,,,,,
博苒系列,博苒咖啡纸,A4414-090-G36S01,90,抹茶绿,787,1092,3.7,,,,,,,,,,,
博苒系列,博苒咖啡纸,A4414-120-G36S01,120,抹茶绿,787,1092,4.9,,,,,,,,,,,
博苒系列,博苒咖啡纸,A4414-190-G3601,190,抹茶绿,787,1092,7.8,,,,,,,,,,,
博苒系列,博苒咖啡纸,A4414-330-G3601,330,抹茶绿,787,1092,13.5,,,,,,,,,,,
博苒系列,博苒咖啡纸,A4414-090-K1601,90,意式浓缩黑,787,1092,4.3,,,,,,,,,,,
博苒系列,博苒咖啡纸,A4414-120-K1601,120,意式浓缩黑,787,1092,5.7,,,,,,,,,,,
博苒系列,博苒咖啡纸,A4414-190-K1601,190,意式浓缩黑,787,1092,9,,,,,,,,,,,
博苒系列,博苒咖啡纸,A4414-330-K1601,330,意式浓缩黑,787,1092,15.6,,,,,,,,,,,
博苒系列,博苒咖啡纸,A4414-90-R39S01,90,丝绒红,787,1092,4.3,,,,,,,,,,,
博苒系列,博苒咖啡纸,A4414-120-R39S01,120,丝绒红,787,1092,5.7,,,,,,,,,,,
博苒系列,博苒咖啡纸,A4414-190-R39S01,190,丝绒红,787,1092,9,,,,,,,,,,,
博苒系列,博苒咖啡纸,A4414-330-R39S01,330,丝绒红,787,1092,15.6,,,,,,,,,,,
博苒系列,博苒咖啡纸,A4414-090-W29S01,90,馥芮白,787,1092,3.5,,,,,,,,,,,
博苒系列,博苒咖啡纸,A4414-120-W29S01,120,馥芮白,787,1092,4.6,,,,,,,,,,,
博苒系列,博苒咖啡纸,A4414-190-W29S01,190,馥芮白,787,1092,7.3,,,,,,,,,,,
博苒系列,博苒咖啡纸,A4414-330-W29S01,330,馥芮白,787,1092,12.8,,,,,,,,,,,
博苒系列,博苒绒咔,A4415-120-W38S01,120,陶瓷白,787,1092,3.9,,,,,,,,,,,
博苒系列,博苒绒咔,A4415-180-W38S01,180,陶瓷白,787,1092,5.8,,,,,,,,,,,
博苒系列,博苒绒咔,A4415-250-W38S01,250,陶瓷白,787,1092,8.1,,,,,,,,,,,
博苒系列,博苒绒咔,A4415-360-W38S01,360,陶瓷白,787,1092,11.6,,,,,,,,,,,
博苒系列,博苒绒咔,A4415-120-Y34S01,120,云母白,787,1092,3.9,,,,,,,,,,,
博苒系列,博苒绒咔,A4415-180-Y34S01,180,云母白,787,1092,5.8,,,,,,,,,,,
博苒系列,博苒绒咔,A4415-250-Y34S01,250,云母白,787,1092,8.1,,,,,,,,,,,
博苒系列,博苒绒咔,A4415-360-Y34S01,360,云母白,787,1092,11.6,,,,,,,,,,,
博苒系列,博苒绒咔,A4415-120-Y32S01,120,卡其黄,787,1092,3.9,,,,,,,,,,,
博苒系列,博苒绒咔,A4415-180-Y32S01,180,卡其黄,787,1092,5.8,,,,,,,,,,,
博苒系列,博苒绒咔,A4415-250-Y32S01,250,卡其黄,787,1092,8.1,,,,,,,,,,,
博苒系列,博苒绒咔,A4415-360-Y32S01,360,卡其黄,787,1092,11.6,,,,,,,,,,,
博苒系列,博苒绒咔,A4415-120-H66S01,120,大象灰,787,1092,3.9,,,,,,,,,,,
博苒系列,博苒绒咔,A4415-180-H66S01,180,大象灰,787,1092,5.8,,,,,,,,,,,
博苒系列,博苒绒咔,A4415-250-H66S01,250,大象灰,787,1092,8.1,,,,,,,,,,,
博苒系列,博苒绒咔,A4415-360-H66S01,360,大象灰,787,1092,11.6,,,,,,,,,,,
博苒系列,博苒绒咔,A4415-120-G39S01,120,牛油果绿,787,1092,3.9,,,,,,,,,,,
博苒系列,博苒绒咔,A4415-180-G39S01,180,牛油果绿,787,1092,5.8,,,,,,,,,,,
博苒系列,博苒绒咔,A4415-250-G39S01,250,牛油果绿,787,1092,8.1,,,,,,,,,,,
博苒系列,博苒绒咔,A4415-360-G39S01,360,牛油果绿,787,1092,11.6,,,,,,,,,,,
博苒系列,博苒绒咔,A4415-120-B28S01,120,雾霾蓝,787,1092,3.9,,,,,,,,,,,
博苒系列,博苒绒咔,A4415-180-B28S01,180,雾霾蓝,787,1092,5.8,,,,,,,,,,,
博苒系列,博苒绒咔,A4415-250-B28S01,250,雾霾蓝,787,1092,8.1,,,,,,,,,,,
博苒系列,博苒绒咔,A4415-360-B28S01,360,雾霾蓝,787,1092,11.6,,,,,,,,,,,
博苒系列,博苒绒咔,A4415-120-C56S01,120,榛果棕,787,1092,4.4,,,,,,,,,,,
博苒系列,博苒绒咔,A4415-180-C56S01,180,榛果棕,787,1092,6.6,,,,,,,,,,,
博苒系列,博苒绒咔,A4415-250-C56S01,250,榛果棕,787,1092,9.1,,,,,,,,,,,
博苒系列,博苒绒咔,A4415-360-C56S01,360,榛果棕,787,1092,13.1,,,,,,,,,,,
博苒系列,博苒绒咔,A4415-120-B25S01,120,日暮蓝,787,1092,4.4,,,,,,,,,,,
博苒系列,博苒绒咔,A4415-180-B25S01,180,日暮蓝,787,1092,6.6,,,,,,,,,,,
博苒系列,博苒绒咔,A4415-250-B25S01,250,日暮蓝,787,1092,9.1,,,,,,,,,,,
博苒系列,博苒绒咔,A4415-360-B25S01,360,日暮蓝,787,1092,13.1,,,,,,,,,,,
博苒系列,博苒绒咔,A4415-120-Y33S01,120,宫墙红,787,1092,4.4,,,,,,,,,,,
博苒系列,博苒绒咔,A4415-180-Y33S01,180,宫墙红,787,1092,6.6,,,,,,,,,,,
博苒系列,博苒绒咔,A4415-250-Y33S01,250,宫墙红,787,1092,9.1,,,,,,,,,,,
博苒系列,博苒绒咔,A4415-360-Y33S01,360,宫墙红,787,1092,13.1,,,,,,,,,,,
博苒系列,博苒绒咔,A4415-120-K17S01,120,岩板黑,787,1092,4.4,,,,,,,,,,,
博苒系列,博苒绒咔,A4415-180-K17S01,180,岩板黑,787,1092,6.6,,,,,,,,,,,
博苒系列,博苒绒咔,A4415-250-K17S01,250,岩板黑,787,1092,9.1,,,,,,,,,,,
博苒系列,博苒绒咔,A4415-360-K17S01,360,岩板黑,787,1092,13.1,,,,,,,,,,,
博苒系列,博苒雅彩,A4417-120-F56-101,120,原生白,787,1092,4,,,,,,,,,,,
博苒系列,博苒雅彩,A4417-220-F56-101,220,原生白,787,1092,7.3,,,,,,,,,,,
博苒系列,博苒雅彩,A4417-330-F56-101,330,原生白,787,1092,11,,,,,,,,,,,
博苒系列,博苒雅彩,A4417-120-F61-101,120,沙丘黄,787,1092,4,,,,,,,,,,,
博苒系列,博苒雅彩,A4417-220-F61-101,220,沙丘黄,787,1092,7.3,,,,,,,,,,,
博苒系列,博苒雅彩,A4417-330-F61-101,330,沙丘黄,787,1092,11,,,,,,,,,,,
博苒系列,博苒雅彩,A4417-120-F57-101,120,静谧灰,787,1092,4.3,,,,,,,,,,,
博苒系列,博苒雅彩,A4417-220-F57-101,220,静谧灰,787,1092,7.8,,,,,,,,,,,
博苒系列,博苒雅彩,A4417-330-F57-101,330,静谧灰,787,1092,11.7,,,,,,,,,,,
博苒系列,博苒雅彩,A4417-120-F62-101,120,珊瑚粉,787,1092,4.3,,,,,,,,,,,
博苒系列,博苒雅彩,A4417-220-F62-101,220,珊瑚粉,787,1092,7.8,,,,,,,,,,,
博苒系列,博苒雅彩,A4417-330-F62-101,330,珊瑚粉,787,1092,11.7,,,,,,,,,,,
博苒系列,博苒雅彩,A4417-120-F59-101,120,椰壳棕,787,1092,4.8,,,,,,,,,,,
博苒系列,博苒雅彩,A4417-220-F59-101,220,椰壳棕,787,1092,8.7,,,,,,,,,,,
博苒系列,博苒雅彩,A4417-330-F59-101,330,椰壳棕,787,1092,13.1,,,,,,,,,,,
博苒系列,博苒雅彩,A4417-120-F65-101,120,深海蓝,787,1092,4.8,,,,,,,,,,,
博苒系列,博苒雅彩,A4417-220-F65-101,220,深海蓝,787,1092,8.7,,,,,,,,,,,
博苒系列,博苒雅彩,A4417-330-F65-101,330,深海蓝,787,1092,13.1,,,,,,,,,,,
博苒系列,博苒雅彩,A4417-120-F63-101,120,环保绿,787,1092,5,,,,,,,,,,,
博苒系列,博苒雅彩,A4417-220-F63-101,220,环保绿,787,1092,9.2,,,,,,,,,,,
博苒系列,博苒雅彩,A4417-330-F63-101,330,环保绿,787,1092,13.8,,,,,,,,,,,
博苒系列,博苒雅彩,A4417-120-F64-101,120,烈焰红,787,1092,5,,,,,,,,,,,
博苒系列,博苒雅彩,A4417-220-F64-101,220,烈焰红,787,1092,9.2,,,,,,,,,,,
博苒系列,博苒雅彩,A4417-330-F64-101,330,烈焰红,787,1092,13.8,,,,,,,,,,,
博苒系列,博苒雅彩,A4417-120-K08-101,120,碳素黑,787,1092,6.1,,,,,,,,,,,
博苒系列,博苒雅彩,A4417-220-K08-101,220,碳素黑,787,1092,11.1,,,,,,,,,,,
博苒系列,博苒雅彩,A4417-280-K08-101,280,碳素黑,787,1092,14.1,,,,,,,,,,,
博苒系列,博苒雅彩,A4417-360-K08-101,360,碳素黑,787,1092,18.2,,,,,,,,,,,
博苒系列,博苒竹造,A4422-125-W26S01,125,竹白,787,1092,4.2,,,,,,,,,,,
博苒系列,博苒竹造,A4422-215-W26S01,215,竹白,787,1092,7.2,,,,,,,,,,,
博苒系列,博苒竹造,A4422-330-W26S01,330,竹白,787,1092,11,,,,,,,,,,,
博苒系列,博苒逸纹,A4418-130-W41S01,130,自然白（中粗）,787,1092,4.5,,,,,,,,,,,
博苒系列,博苒逸纹,A4418-130-W42S01,130,自然米（中粗）,787,1092,4.5,,,,,,,,,,,
博苒系列,博苒逸纹,A4418-190-W41S01,190,自然白（中粗）,787,1092,6.5,,,,,,,,,,,
博苒系列,博苒逸纹,A4418-190-W42S01,190,自然米（中粗）,787,1092,6.5,,,,,,,,,,,
博苒系列,博苒逸纹,A4418-290-W41S01,290,自然白（中粗）,787,1092,10,,,,,,,,,,,
博苒系列,博苒逸纹,A4418-290-W42S01,290,自然米（中粗）,787,1092,10,,,,,,,,,,,
博苒系列,博苒逸纹,A4418-360-W41S01,360,自然白（中粗）,787,1092,12.4,,,,,,,,,,,
博苒系列,博苒逸纹,A4418-360-W42S01,360,自然米（中粗）,787,1092,12.4,,,,,,,,,,,
博苒系列,逸纹优印,A4420-155-W42S01,155,米色（中粗）,787,1092,6,,,,,,,,,,,
博苒系列,逸纹优印,A4420-185-W42S01,185,米色（中粗）,787,1092,7.2,,,,,,,,,,,
博苒系列,逸纹优印,A4420-215-W42S01,215,米色（中粗）,787,1092,8.3,,,,,,,,,,,
博苒系列,逸纹优印,A4420-270-W42S01,270,米色（中粗）,787,1092,10.5,,,,,,,,,,,
博苒系列,逸纹优印,A4420-320-W42S01,320,米色（中粗）,787,1092,12.4,,,,,,,,,,,
博苒系列,逸纹优印,A4420-400-W42S01,400,米色（中粗）,787,1092,15.5,,,,,,,,,,,
博苒系列,原野优印,A4421-125-W48S01,125,白色（细纹）,787,1092,4.8,,,,,,,,,,,
博苒系列,原野优印,A4421-155-W48S01,155,白色（细纹）,787,1092,6,,,,,,,,,,,
博苒系列,原野优印,A4421-215-W48S01,215,白色（细纹）,787,1092,8.3,,,,,,,,,,,
博苒系列,原野优印,A4421-280-W48S01,280,白色（细纹）,787,1092,10.8,,,,,,,,,,,
博苒系列,原野优印,A4421-330-W48S01,330,白色（细纹）,787,1092,12.8,,,,,,,,,,,
博苒系列,原野优印,A4421-380-W48S01,380,白色（细纹）,787,1092,14.7,,,,,,,,,,,
博苒系列,博苒再造,A4423-100-W41S-101,100,超白,787,1092,1.9,,,,,,,,,,,
博苒系列,博苒再造,A4423-130-W41S-101,130,超白,787,1092,2.5,,,,,,,,,,,
博苒系列,博苒再造,A4423-190-W41S-101,190,超白,787,1092,3.6,,,,,,,,,,,
博苒系列,博苒再造,A4423-250-W41S-101,250,超白,787,1092,4.7,,,,,,,,,,,
博苒系列,博苒再造,A4423-300-W41S-101,300,超白,787,1092,5.7,,,,,,,,,,,
博苒系列,博苒再造,A4423-350-W41S-101,350,超白,787,1092,6.6,,,,,,,,,,,
博苒系列,博苒原野,A4419-100-W48S01,100,自然白,787,1092,3.4,,,,,,,,,,,
博苒系列,博苒原野,A4419-130-W48S01,130,自然白,787,1092,4.5,,,,,,,,,,,
博苒系列,博苒原野,A4419-190-W48S01,190,自然白,787,1092,6.5,,,,,,,,,,,
博苒系列,博苒原野,A4419-250-W48S01,250,自然白,787,1092,8.6,,,,,,,,,,,
博苒系列,博苒原野,A4419-300-W48S01,300,自然白,787,1092,10.3,,,,,,,,,,,
博苒系列,博苒原野,A4419-350-W48S01,350,自然白,787,1092,12,,,,,,,,,,,
博苒系列,博苒原野,A4419-110-C60S01,110,陶土黄,787,1092,3.8,,,,,,,,,,,
博苒系列,博苒原野,A4419-190-C60S01,190,陶土黄,787,1092,6.5,,,,,,,,,,,
博苒系列,博苒原野,A4419-350-C60S01,350,陶土黄,787,1092,12,,,,,,,,,,,
博苒系列,博苒原野,A4419-110-C61S01,110,野壤咖,787,1092,4.3,,,,,,,,,,,
博苒系列,博苒原野,A4419-190-C61S01,190,野壤咖,787,1092,7.3,,,,,,,,,,,
博苒系列,博苒原野,A4419-350-C61S01,350,野壤咖,787,1092,13.5,,,,,,,,,,,
博苒系列,博苒原野,A4419-110-H70S01,110,石岚灰,787,1092,4,,,,,,,,,,,
博苒系列,博苒原野,A4419-190-H70S01,190,石岚灰,787,1092,6.9,,,,,,,,,,,
博苒系列,博苒原野,A4419-350-H70S01,350,石岚灰,787,1092,12.8,,,,,,,,,,,
博苒系列,博苒原野,A4419-110-H71S01,110,晨雾灰,787,1092,3.8,,,,,,,,,,,
博苒系列,博苒原野,A4419-190-H71S01,190,晨雾灰,787,1092,6.5,,,,,,,,,,,
博苒系列,博苒原野,A4419-350-H71S01,350,晨雾灰,787,1092,12,,,,,,,,,,,
博苒系列,博苒原野,A4419-110-G26-1S01,110,原始绿,787,1092,5.2,,,,,,,,,,,
博苒系列,博苒原野,A4419-190-G26-1S01,190,原始绿,787,1092,9,,,,,,,,,,,
博苒系列,博苒原野,A4419-350-G26-1S01,350,原始绿,787,1092,16.5,,,,,,,,,,,
博苒系列,博苒原野,A4419-110-G42S01,110,春茶绿,787,1092,4,,,,,,,,,,,
博苒系列,博苒原野,A4419-190-G42S01,190,春茶绿,787,1092,6.9,,,,,,,,,,,
博苒系列,博苒原野,A4419-350-G42S01,350,春茶绿,787,1092,12.8,,,,,,,,,,,
博苒系列,博苒原野,A4419-110-G43S01,110,薄荷绿,787,1092,4,,,,,,,,,,,
博苒系列,博苒原野,A4419-190-G43S01,190,薄荷绿,787,1092,6.9,,,,,,,,,,,
博苒系列,博苒原野,A4419-350-G43S01,350,薄荷绿,787,1092,12.8,,,,,,,,,,,
博苒系列,博苒原野,A4419-110-G44S01,110,幽林绿,787,1092,4.3,,,,,,,,,,,
博苒系列,博苒原野,A4419-190-G44S01,190,幽林绿,787,1092,7.3,,,,,,,,,,,
博苒系列,博苒原野,A4419-350-G44S01,350,幽林绿,787,1092,13.5,,,,,,,,,,,
博苒系列,博苒原野,A4419-110-R48S01,110,暮霞粉,787,1092,4,,,,,,,,,,,
博苒系列,博苒原野,A4419-190-R48S01,190,暮霞粉,787,1092,6.9,,,,,,,,,,,
博苒系列,博苒原野,A4419-350-R48S01,350,暮霞粉,787,1092,12.8,,,,,,,,,,,
博苒系列,博苒原野,A4419-110-R49S01,110,赭石红,787,1092,4,,,,,,,,,,,
博苒系列,博苒原野,A4419-190-R49S01,190,赭石红,787,1092,6.9,,,,,,,,,,,
博苒系列,博苒原野,A4419-350-R49S01,350,赭石红,787,1092,12.8,,,,,,,,,,,
博苒系列,博苒原野,A4419-110-R50S01,110,赤原红,787,1092,4.7,,,,,,,,,,,
博苒系列,博苒原野,A4419-190-R50S01,190,赤原红,787,1092,8.2,,,,,,,,,,,
博苒系列,博苒原野,A4419-350-R50S01,350,赤原红,787,1092,15,,,,,,,,,,,
博苒系列,博苒原野,A4419-110-R51S01,110,绛色红,787,1092,5,,,,,,,,,,,
博苒系列,博苒原野,A4419-190-R51S01,190,绛色红,787,1092,8.6,,,,,,,,,,,
博苒系列,博苒原野,A4419-350-R51S01,350,绛色红,787,1092,15.8,,,,,,,,,,,
博苒系列,博苒原野,A4419-110-B10-1S01,110,苍暮蓝,787,1092,4.7,,,,,,,,,,,
博苒系列,博苒原野,A4419-190-B10-1S01,190,苍暮蓝,787,1092,8.2,,,,,,,,,,,
博苒系列,博苒原野,A4419-350-B10-1S01,350,苍暮蓝,787,1092,15,,,,,,,,,,,
博苒系列,博苒原野,A4419-110-K19S01,110,玄影黑,787,1092,4.7,,,,,,,,,,,
博苒系列,博苒原野,A4419-190-K19S01,190,玄影黑,787,1092,8.2,,,,,,,,,,,
博苒系列,博苒原野,A4419-350-K19S01,350,玄影黑,787,1092,15,,,,,,,,,,,
冠族系列,雪纸（烫透）,A5502-140-EP2801,140,白色,787,1092,16,,,,,,,,,,,
冠族系列,雪纸（烫透）,A5502-240-EP2801,240,白色,787,1092,26,,,,,,,,,,,
冠族系列,雪纸（烫透）,A5502-330-EP2801,330,白色,787,1092,35,,,,,,,,,,,
冠族系列,冠族·纯棉  100%棉,A5504-120-W0704,120,超白,700,1000,8.3,,,,,,,,,,,
冠族系列,冠族·纯棉  100%棉,A5504-270-W0704,270,超白,700,1000,18.7,,,,,,,,,,,
冠族系列,冠族·纯棉  100%棉,A5504-360-W0704,360,超白,700,1000,24.9,,,,,,,,,,,
冠族系列,冠族·纯棉  100%棉,A5504-120-W0804,120,原始白,700,1000,8.3,,,,,,,,,,,
冠族系列,冠族·纯棉  100%棉,A5504-270-W0804,270,原始白,700,1000,18.7,,,,,,,,,,,
冠族系列,冠族·纯棉  100%棉,A5504-360-W0804,360,原始白,700,1000,24.9,,,,,,,,,,,
冠族系列,冠族·纯棉  100%棉,A5504-120-H2804,120,高级灰,700,1000,8.8,,,,,,,,,,,
冠族系列,冠族·纯棉  100%棉,A5504-270-H2804,270,高级灰,700,1000,19.8,,,,,,,,,,,
冠族系列,冠族·纯棉  100%棉,A5504-360-H2804,360,高级灰,700,1000,26.5,,,,,,,,,,,
冠族系列,冠族·纯棉  100%棉,A5504-120-H2904,120,烟灰,700,1000,8.8,,,,,,,,,,,
冠族系列,冠族·纯棉  100%棉,A5504-270-H2904,270,烟灰,700,1000,19.8,,,,,,,,,,,
冠族系列,冠族·纯棉  100%棉,A5504-360-H2904,360,烟灰,700,1000,26.5,,,,,,,,,,,
冠族系列,冠族·纯棉  100%棉,A5504-120-Y1504,120,天然米,700,1000,8.8,,,,,,,,,,,
冠族系列,冠族·纯棉  100%棉,A5504-270-Y1504,270,天然米,700,1000,19.8,,,,,,,,,,,
冠族系列,冠族·纯棉  100%棉,A5504-360-Y1504,360,天然米,700,1000,26.5,,,,,,,,,,,
冠族系列,冠族·纯棉  100%棉,A5504-550-Y1504,550,天然米,700,1000,40.4,,,,,,,,,,,
冠族系列,冠族·纯棉  100%棉,A5504-120-H3004,120,自然棕,700,1000,8.8,,,,,,,,,,,
冠族系列,冠族·纯棉  100%棉,A5504-270-H3004,270,自然棕,700,1000,19.8,,,,,,,,,,,
冠族系列,冠族·纯棉  100%棉,A5504-360-H3004,360,自然棕,700,1000,26.5,,,,,,,,,,,
冠族系列,冠族·纯棉  100%棉,A5504-120-R1904,120,中国红,700,1000,9.1,,,,,,,,,,,
冠族系列,冠族·纯棉  100%棉,A5504-270-R1904,270,中国红,700,1000,20.4,,,,,,,,,,,
冠族系列,冠族·纯棉  100%棉,A5504-360-R1904,360,中国红,700,1000,27.2,,,,,,,,,,,
冠族系列,冠族·纯棉  100%棉,A5504-120-B1904,120,藏青,700,1000,9.1,,,,,,,,,,,
冠族系列,冠族·纯棉  100%棉,A5504-270-B1904,270,藏青,700,1000,20.4,,,,,,,,,,,
冠族系列,冠族·纯棉  100%棉,A5504-360-B1904,360,藏青,700,1000,27.2,,,,,,,,,,,
冠族系列,水洗纸,PS6601-085-W1101,85,水暖白,787,1092,5.7,,,,,,,,,,,
冠族系列,水洗纸,PS6601-105-W1101,105,水暖白,787,1092,7,,,,,,,,,,,
冠族系列,水洗纸,PS6601-145-W1101,145,水暖白,787,1092,9.7,,,,,,,,,,,
冠族系列,水洗纸,PS6601-225-W1101,225,水暖白,787,1092,13.9,,,,,,,,,,,
冠族系列,水洗纸,PS6601-310-W1101,310,水暖白,787,1092,19.2,,,,,,,,,,,
冠族系列,水洗纸,PS6602-145-H4501,145,水烟灰,787,1092,9.3,,,,,,,,,,,
冠族系列,水洗纸,PS6602-225-H4501,225,水烟灰,787,1092,13.9,,,,,,,,,,,
冠族系列,水洗纸,PS6602-310-H4501,310,水烟灰,787,1092,19.2,,,,,,,,,,,
冠族系列,水洗纸,PS6610-145-H5101,145,水雅灰,787,1092,9.3,,,,,,,,,,,
冠族系列,水洗纸,PS6610-225-H5101,225,水雅灰,787,1092,13.9,,,,,,,,,,,
冠族系列,水洗纸,PS6610-310-H5101,310,水雅灰,787,1092,19.2,,,,,,,,,,,
冠族系列,水洗纸,PS6608-145-K1401,145,水墨黑,787,1092,10.5,,,,,,,,,,,
冠族系列,水洗纸,PS6608-225-K1401,225,水墨黑,787,1092,15.7,,,,,,,,,,,
冠族系列,水洗纸,PS6608-310-K1401,310,水墨黑,787,1092,20.8,,,,,,,,,,,
冠族系列,水洗纸,PS6609-145-C3901,145,水榛棕,787,1092,9.3,,,,,,,,,,,
冠族系列,水洗纸,PS6609-225-C3901,225,水榛棕,787,1092,13.9,,,,,,,,,,,
冠族系列,水洗纸,PS6609-310-C3901,310,水榛棕,787,1092,19.2,,,,,,,,,,,
冠族系列,水洗纸,PS6604-145-R3001,145,水柚红,787,1092,9.3,,,,,,,,,,,
冠族系列,水洗纸,PS6604-225-R3001,225,水柚红,787,1092,13.9,,,,,,,,,,,
冠族系列,水洗纸,PS6604-310-R3001,310,水柚红,787,1092,19.2,,,,,,,,,,,
冠族系列,水洗纸,PS6606-145-Y2001,145,水纤黄,787,1092,9.3,,,,,,,,,,,
冠族系列,水洗纸,PS6606-225-Y2001,225,水纤黄,787,1092,13.9,,,,,,,,,,,
冠族系列,水洗纸,PS6606-310-Y2001,310,水纤黄,787,1092,19.2,,,,,,,,,,,
冠族系列,水洗纸,PS6605-145-Y2101,145,水绒绿,787,1092,9.3,,,,,,,,,,,
冠族系列,水洗纸,PS6605-225-Y2101,225,水绒绿,787,1092,13.9,,,,,,,,,,,
冠族系列,水洗纸,PS6605-310-Y2101,310,水绒绿,787,1092,19.2,,,,,,,,,,,
冠族系列,水洗纸,PS6603-145-B2401,145,水韵蓝,787,1092,9.3,,,,,,,,,,,
冠族系列,水洗纸,PS6603-225-B2401,225,水韵蓝,787,1092,13.9,,,,,,,,,,,
冠族系列,水洗纸,PS6603-310-B2401,310,水韵蓝,787,1092,19.2,,,,,,,,,,,
冠族系列,水洗纸,PS6607-145-P0501,145,水暮蓝,787,1092,9.7,,,,,,,,,,,
冠族系列,水洗纸,PS6607-225-P0501,225,水暮蓝,787,1092,15.1,,,,,,,,,,,
冠族系列,水洗纸,PS6607-310-P0501,310,水暮蓝,787,1092,20.8,,,,,,,,,,,
冠族系列,水洗纸,PS6611-145-G3201,145,水松绿,787,1092,9.3,,,,,,,,,,,
冠族系列,水洗纸,PS6611-225-G3201,225,水松绿,787,1092,13.9,,,,,,,,,,,
冠族系列,水洗纸,PS6611-310-G3201,310,水松绿,787,1092,19.2,,,,,,,,,,,
冠族系列,水洗纸,PS6612-145-C5101,145,水棕米,787,1092,9.3,,,,,,,,,,,
冠族系列,水洗纸,PS6612-225-C5101,225,水棕米,787,1092,13.9,,,,,,,,,,,
冠族系列,水洗纸,PS6612-310-C5101,310,水棕米,787,1092,19.2,,,,,,,,,,,
冠族系列,水洗纸,PS6613-145-R3601,145,水烟粉,787,1092,9.3,,,,,,,,,,,
冠族系列,水洗纸,PS6613-225-R3601,225,水烟粉,787,1092,13.9,,,,,,,,,,,
冠族系列,水洗纸,PS6613-310-R3601,310,水烟粉,787,1092,19.2,,,,,,,,,,,
冠族系列,水洗纸/洗后,WPS+6601-85-W1101,85,水暖白,787,1092,7,,,,,,,,,,,
冠族系列,水洗纸/洗后,WPS+6601-105-W1101,105,水暖白,787,1092,8.7,,,,,,,,,,,
冠族系列,水洗纸/洗后,WPS+6601-145-W1101,145,水暖白,787,1092,12,,,,,,,,,,,
冠族系列,水洗纸/洗后,WPS+6601-225-W1101,225,水暖白,787,1092,18.6,,,,,,,,,,,
冠族系列,水洗纸/洗后,WPS+6601-310-W1101,310,水暖白,787,1092,25.6,,,,,,,,,,,
冠族系列,水洗纸/洗后,WPS+6608-145-K1401,145,水墨黑,787,1092,13.8,,,,,,,,,,,
冠族系列,水洗纸/洗后,WPS+6608-225-K1401,225,水墨黑,787,1092,21.5,,,,,,,,,,,
冠族系列,水洗纸/洗后,WPS+6608-310-K1401,310,水墨黑,787,1092,29.6,,,,,,,,,,,
冠族系列,水洗纸/洗后,WPS+6604-145-R3001,145,水柚红,787,1092,12.7,,,,,,,,,,,
冠族系列,水洗纸/洗后,WPS+6604-225-R3001,225,水柚红,787,1092,19.7,,,,,,,,,,,
冠族系列,水洗纸/洗后,WPS+6604-310-R3001,310,水柚红,787,1092,27.2,,,,,,,,,,,
冠族系列,水洗纸/洗后,WPS+6606-145-Y2001,145,水纤黄,787,1092,12.7,,,,,,,,,,,
冠族系列,水洗纸/洗后,WPS+6606-225-Y2001,225,水纤黄,787,1092,19.7,,,,,,,,,,,
冠族系列,水洗纸/洗后,WPS+6606-310-Y2001,310,水纤黄,787,1092,27.2,,,,,,,,,,,
冠族系列,水洗纸/洗后,WPS+6605-145-Y2101,145,水绒绿,787,1092,12.7,,,,,,,,,,,
冠族系列,水洗纸/洗后,WPS+6605-225-Y2101,225,水绒绿,787,1092,19.7,,,,,,,,,,,
冠族系列,水洗纸/洗后,WPS+6605-310-Y2101,310,水绒绿,787,1092,27.2,,,,,,,,,,,
冠族系列,水洗纸/洗后,WPS+6603-145-B2401,145,水韵蓝,787,1092,12.7,,,,,,,,,,,
冠族系列,水洗纸/洗后,WPS+6603-225-B2401,225,水韵蓝,787,1092,19.7,,,,,,,,,,,
冠族系列,水洗纸/洗后,WPS+6603-310-B2401,310,水韵蓝,787,1092,27.2,,,,,,,,,,,
冠族系列,水洗纸/洗后,WPS+6607-145-P0501,145,水暮蓝,787,1092,13.5,,,,,,,,,,,
冠族系列,水洗纸/洗后,WPS+6607-225-P0501,225,水暮蓝,787,1092,20.9,,,,,,,,,,,
冠族系列,水洗纸/洗后,WPS+6607-310-P0501,310,水暮蓝,787,1092,28.8,,,,,,,,,,,
冠族系列,水洗纸/洗后,WPS+6611-145-G3201,145,水松绿,787,1092,13.8,,,,,,,,,,,
冠族系列,水洗纸/洗后,WPS+6611-225-G3201,225,水松绿,787,1092,21.5,,,,,,,,,,,
冠族系列,水洗纸/洗后,WPS+6611-310-G3201,310,水松绿,787,1092,29.6,,,,,,,,,,,
冠族系列,水洗纸/洗后,WPS+6612-145-C5101,145,水棕米,787,1092,12.7,,,,,,,,,,,
冠族系列,水洗纸/洗后,WPS+6612-225-C5101,225,水棕米,787,1092,19.7,,,,,,,,,,,
冠族系列,水洗纸/洗后,WPS+6612-310-C5101,310,水棕米,787,1092,27.2,,,,,,,,,,,
冠族系列,水洗纸/洗后,WPS+6613-145-R3601,145,水烟粉,787,1092,12.7,,,,,,,,,,,
冠族系列,水洗纸/洗后,WPS+6613-225-R3601,225,水烟粉,787,1092,19.7,,,,,,,,,,,
冠族系列,水洗纸/洗后,WPS+6613-310-R3601,310,水烟粉,787,1092,27.2,,,,,,,,,,,
冠族系列,水洗纸/洗后,WPS+6609-145-C3901,145,水榛棕,787,1092,13.5,,,,,,,,,,,
冠族系列,水洗纸/洗后,WPS+6609-225-C3901,225,水榛棕,787,1092,20.9,,,,,,,,,,,
冠族系列,水洗纸/洗后,WPS+6609-310-C3901,310,水榛棕,787,1092,28.8,,,,,,,,,,,
冠族系列,水洗纸/洗后,WPS+6610-145-H5101,145,水雅灰,787,1092,13.5,,,,,,,,,,,
冠族系列,水洗纸/洗后,WPS+6610-225-H5101,225,水雅灰,787,1092,20.9,,,,,,,,,,,
冠族系列,水洗纸/洗后,WPS+6610-310-H5101,310,水雅灰,787,1092,28.8,,,,,,,,,,,
冠族系列,水洗纸/洗后,WPS+6602-145-H4501,145,水烟灰,787,1092,12.7,,,,,,,,,,,
冠族系列,水洗纸/洗后,WPS+6602-225-H4501,225,水烟灰,787,1092,19.7,,,,,,,,,,,
冠族系列,水洗纸/洗后,WPS+6602-310-H4501,310,水烟灰,787,1092,27.2,,,,,,,,,,,
冠族系列,水洗纸/洗后,WPS+6614-225-G2101,225,墨绿,787,1092,20.9,,,,,,,,,,,
冠族系列,水洗纸/洗后,WPS+6615-225-G2801,225,松绿,787,1092,20.9,,,,,,,,,,,
冠族系列,水洗纸/洗后,WPS+6616-225-Y2501,225,明黄,787,1092,20.9,,,,,,,,,,,
冠族系列,水洗纸/洗后,WPS+6617-225-P0801,225,尚紫,787,1092,20.9,,,,,,,,,,,
冠族系列,水洗纸/洗后,WPS+6618-225-R3301,225,粉红,787,1092,19.7,,,,,,,,,,,
冠族系列,水洗纸pro,PS7701-135-W5101,135,水月白,787,1092,7.7,,,,,,,,,,,
冠族系列,水洗纸pro,PS7701-215-W5101,215,水月白,787,1092,12.2,,,,,,,,,,,
冠族系列,水洗纸pro,PS7701-315-W5101,315,水月白,787,1092,17.9,,,,,,,,,,,
冠族系列,水洗纸pro,PS7701-135-H7201,135,水尘灰,787,1092,9.1,,,,,,,,,,,
冠族系列,水洗纸pro,PS7701-215-H7201,215,水尘灰,787,1092,14.4,,,,,,,,,,,
冠族系列,水洗纸pro,PS7701-135-H7501,135,水凝灰,787,1092,9.1,,,,,,,,,,,
冠族系列,水洗纸pro,PS7701-215-H7501,215,水凝灰,787,1092,14.4,,,,,,,,,,,
冠族系列,水洗纸pro,PS7701-315-H7501,315,水凝灰,787,1092,21.1,,,,,,,,,,,
冠族系列,水洗纸pro,PS7701-135-K2001,135,水玄黑,787,1092,9.8,,,,,,,,,,,
冠族系列,水洗纸pro,PS7701-215-K2001,215,水玄黑,787,1092,15.5,,,,,,,,,,,
冠族系列,水洗纸pro,PS7701-315-K2001,315,水玄黑,787,1092,22.7,,,,,,,,,,,
冠族系列,水洗纸pro,PS7701-135-C5901,135,水砾米,787,1092,7.7,,,,,,,,,,,
冠族系列,水洗纸pro,PS7701-215-C5901,215,水砾米,787,1092,12.2,,,,,,,,,,,
冠族系列,水洗纸pro,PS7701-315-C5901,315,水砾米,787,1092,17.9,,,,,,,,,,,
冠族系列,水洗纸pro,PS7701-135-C6201,135,水革棕,787,1092,9.1,,,,,,,,,,,
冠族系列,水洗纸pro,PS7701-215-C6201,215,水革棕,787,1092,14.4,,,,,,,,,,,
冠族系列,水洗纸pro,PS7701-315-C6201,315,水革棕,787,1092,21.1,,,,,,,,,,,
冠族系列,水洗纸pro,PS7701-135-C6301,135,水砚褐,787,1092,9.1,,,,,,,,,,,
冠族系列,水洗纸pro,PS7701-215-C6301,215,水砚褐,787,1092,14.4,,,,,,,,,,,
冠族系列,水洗纸pro,PS7701-135-Y4001,135,水炽橙,787,1092,9.1,,,,,,,,,,,
冠族系列,水洗纸pro,PS7701-215-Y4001,215,水炽橙,787,1092,14.4,,,,,,,,,,,
冠族系列,水洗纸pro,PS7701-135-R5201,135,水砖红,787,1092,9.1,,,,,,,,,,,
冠族系列,水洗纸pro,PS7701-215-R5201,215,水砖红,787,1092,14.4,,,,,,,,,,,
冠族系列,水洗纸pro,PS7701-135-B3101,135,水织蓝,787,1092,9.1,,,,,,,,,,,
冠族系列,水洗纸pro,PS7701-215-B3101,215,水织蓝,787,1092,14.4,,,,,,,,,,,
冠族系列,水洗纸pro,PS7701-135-B3201,135,水影蓝,787,1092,9.1,,,,,,,,,,,
冠族系列,水洗纸pro,PS7701-215-B3201,215,水影蓝,787,1092,14.4,,,,,,,,,,,
冠族系列,水洗纸pro,PS7701-135-Y3901,135,水枫黄,787,1092,9.1,,,,,,,,,,,
冠族系列,水洗纸pro,PS7701-215-Y3901,215,水枫黄,787,1092,14.4,,,,,,,,,,,
冠族系列,水洗纸pro,PS7701-135-G4501,135,水芽绿,787,1092,9.1,,,,,,,,,,,
冠族系列,水洗纸pro,PS7701-215-G4501,215,水芽绿,787,1092,14.4,,,,,,,,,,,
冠族系列,水洗纸pro,PS7701-135-G4601,135,水湖绿,787,1092,10.4,,,,,,,,,,,
冠族系列,水洗纸pro,PS7701-215-G4601,215,水湖绿,787,1092,16.6,,,,,,,,,,,
冠族系列,水洗纸pro textile,WPS+7701-135-W5101,135,水月白,787,1092,11.8,,,,,,,,,,,
冠族系列,水洗纸pro textile,WPS+7701-215-W5101,215,水月白,787,1092,16.6,,,,,,,,,,,
冠族系列,水洗纸pro textile,WPS+7701-315-W5101,315,水月白,787,1092,21.9,,,,,,,,,,,
冠族系列,水洗纸pro textile,WPS+7701-135-H7201,135,水尘灰,787,1092,13.2,,,,,,,,,,,
冠族系列,水洗纸pro textile,WPS+7701-215-H7201,215,水尘灰,787,1092,18.9,,,,,,,,,,,
冠族系列,水洗纸pro textile,WPS+7701-135-H7501,135,水凝灰,787,1092,13.2,,,,,,,,,,,
冠族系列,水洗纸pro textile,WPS+7701-215-H7501,215,水凝灰,787,1092,18.9,,,,,,,,,,,
冠族系列,水洗纸pro textile,WPS+7701-315-H7501,315,水凝灰,787,1092,25.2,,,,,,,,,,,
冠族系列,水洗纸pro textile,WPS+7701-135-K2001,135,水玄黑,787,1092,13.9,,,,,,,,,,,
冠族系列,水洗纸pro textile,WPS+7701-215-K2001,215,水玄黑,787,1092,20,,,,,,,,,,,
冠族系列,水洗纸pro textile,WPS+7701-315-K2001,315,水玄黑,787,1092,26.8,,,,,,,,,,,
冠族系列,水洗纸pro textile,WPS+7701-135-C5901,135,水砾米,787,1092,11.8,,,,,,,,,,,
冠族系列,水洗纸pro textile,WPS+7701-215-C5901,215,水砾米,787,1092,16.6,,,,,,,,,,,
冠族系列,水洗纸pro textile,WPS+7701-315-C5901,315,水砾米,787,1092,21.9,,,,,,,,,,,
冠族系列,水洗纸pro textile,WPS+7701-135-C6201,135,水革棕,787,1092,13.2,,,,,,,,,,,
冠族系列,水洗纸pro textile,WPS+7701-215-C6201,215,水革棕,787,1092,18.9,,,,,,,,,,,
冠族系列,水洗纸pro textile,WPS+7701-315-C6201,315,水革棕,787,1092,25.2,,,,,,,,,,,
冠族系列,水洗纸pro textile,WPS+7701-135-C6301,135,水砚褐,787,1092,13.2,,,,,,,,,,,
冠族系列,水洗纸pro textile,WPS+7701-215-C6301,215,水砚褐,787,1092,18.9,,,,,,,,,,,
冠族系列,水洗纸pro textile,WPS+7701-135-Y4001,135,水炽橙,787,1092,13.2,,,,,,,,,,,
冠族系列,水洗纸pro textile,WPS+7701-215-Y4001,215,水炽橙,787,1092,18.9,,,,,,,,,,,
冠族系列,水洗纸pro textile,WPS+7701-135-R5201,135,水砖红,787,1092,13.2,,,,,,,,,,,
冠族系列,水洗纸pro textile,WPS+7701-215-R5201,215,水砖红,787,1092,18.9,,,,,,,,,,,
冠族系列,水洗纸pro textile,WPS+7701-135-B3101,135,水织蓝,787,1092,13.2,,,,,,,,,,,
冠族系列,水洗纸pro textile,WPS+7701-215-B3101,215,水织蓝,787,1092,18.9,,,,,,,,,,,
冠族系列,水洗纸pro textile,WPS+7701-135-B3201,135,水影蓝,787,1092,13.2,,,,,,,,,,,
冠族系列,水洗纸pro textile,WPS+7701-215-B3201,215,水影蓝,787,1092,18.9,,,,,,,,,,,
冠族系列,水洗纸pro textile,WPS+7701-135-Y3901,135,水枫黄,787,1092,13.2,,,,,,,,,,,
冠族系列,水洗纸pro textile,WPS+7701-215-Y3901,215,水枫黄,787,1092,18.9,,,,,,,,,,,
冠族系列,水洗纸pro textile,WPS+7701-135-G4501,135,水芽绿,787,1092,13.2,,,,,,,,,,,
冠族系列,水洗纸pro textile,WPS+7701-215-G4501,215,水芽绿,787,1092,18.9,,,,,,,,,,,
冠族系列,水洗纸pro textile,WPS+7701-135-G4601,135,水湖绿,787,1092,14.6,,,,,,,,,,,
冠族系列,水洗纸pro textile,WPS+7701-215-G4601,215,水湖绿,787,1092,21.1,,,,,,,,,,,
星煜系列,星煜星空-单面,A8801D-120-X0101,120,星白,787,1092,3.3,,,,,,,,,,,
星煜系列,星煜星空-单面,A8801D-250-X0101,250,星白,787,1092,6.9,,,,,,,,,,,
星煜系列,星煜星空-单面,A8801D-300-X0101,300,星白,787,1092,8.3,,,,,,,,,,,
星煜系列,星煜星空-双面,A8801S-150-X0101,150,星白,787,1092,4.1,,,,,,,,,,,
星煜系列,星煜星空-双面,A8801S-200-X0101,200,星白,787,1092,5.5,,,,,,,,,,,
星煜系列,星煜星空-双面,A8801S-250-X0101,250,星白,787,1092,6.9,,,,,,,,,,,
星煜系列,星煜星空-双面,A8801S-150-X0103,150,星白,889,635,2.7,,,,,,,,,,,
星煜系列,星煜星空-双面,A8801S-200-X0103,200,星白,889,635,3.6,,,,,,,,,,,
星煜系列,星煜星空-双面,A8801S-250-X0103,250,星白,889,635,4.5,,,,,,,,,,,
星煜系列,星煜星空-单面星辰,A8802-120-X0101,120,星白,787,1092,3.3,,,,,,,,,,,
星煜系列,星煜星空-单面星辰,A8802-250-X0101,250,星白,787,1092,6.9,,,,,,,,,,,
星煜系列,星煜星空-单面星辰,A8802-300-X0101,300,星白,787,1092,8.3,,,,,,,,,,,
星煜系列,星煜星空-单面星河,A8804-120-X0101,120,星白,787,1092,3.3,,,,,,,,,,,
星煜系列,星煜星空-单面星河,A8804-250-X0101,250,星白,787,1092,6.9,,,,,,,,,,,
星煜系列,星煜星空-单面星河,A8804-300-X0101,300,星白,787,1092,8.3,,,,,,,,,,,
星煜系列,星煜星彩,A8806-124-W0401,124,星冰白,787,1092,5.3,,,,,,,,,,,
星煜系列,星煜星彩,A8806-124-H3201,124,星霜银,787,1092,5.3,,,,,,,,,,,
星煜系列,星煜星彩,A8806-124-H2501,124,星云灰,787,1092,5.3,,,,,,,,,,,
星煜系列,星煜星彩,A8806-124-R1501,124,星晶粉,787,1092,5.3,,,,,,,,,,,
星煜系列,星煜星彩,A8806-124-R2201,124,星柚红,787,1092,5.3,,,,,,,,,,,
星煜系列,星煜星彩,A8806-124-C0101,124,星槟金,787,1092,5.3,,,,,,,,,,,
星煜系列,星煜星彩,A8806-124-G1301,124,星茶绿,787,1092,5.3,,,,,,,,,,,
星煜系列,星煜星彩,A8806-124-R0801,124,星焰红,787,1092,6,,,,,,,,,,,
星煜系列,星煜星彩,A8806-124-C3601,124,星褐咖,787,1092,6,,,,,,,,,,,
星煜系列,星煜星彩,A8806-124-C2101,124,星巧棕,787,1092,6.4,,,,,,,,,,,
星煜系列,星煜星彩,A8806-124-G1501,124,星羽蓝,787,1092,6.4,,,,,,,,,,,
星煜系列,星煜星彩,A8806-124-B1101,124,星电蓝,787,1092,6.4,,,,,,,,,,,
星煜系列,星煜星彩,A8806-124-K09-101,124,星夜黑,787,1092,6.4,,,,,,,,,,,
星煜系列,星煜星彩,A8806-124-G2001,124,星墨绿,787,1092,6.4,,,,,,,,,,,
星煜系列,星煜贵金属,A8807-124-W0401,124,白银,787,1092,6.9,,,,,,,,,,,
星煜系列,星煜贵金属,A8807-270-W0401,270,白银,787,1092,13.3,,,,,,,,,,,
星煜系列,星煜贵金属,A8807-348-W0401,348,白银,787,1092,17.2,,,,,,,,,,,
星煜系列,星煜贵金属,A8807-124-H65S01,124,铂金,787,1092,7.5,,,,,,,,,,,
星煜系列,星煜贵金属,A8807-297-H65S01,297,铂金,787,1092,15.3,,,,,,,,,,,
星煜系列,星煜贵金属,A8807-124-CH64S01,124,矿金,787,1092,7.5,,,,,,,,,,,
星煜系列,星煜贵金属,A8807-297-CH64S01,297,矿金,787,1092,15.3,,,,,,,,,,,
星煜系列,星煜贵金属,A8807-124-RH64S01,124,玫瑰金,787,1092,7.5,,,,,,,,,,,
星煜系列,星煜贵金属,A8807-297-RH64S01,297,玫瑰金,787,1092,15.3,,,,,,,,,,,
星煜系列,星煜贵金属,A8807-124-H64S01,124,钛金,787,1092,8,,,,,,,,,,,
星煜系列,星煜贵金属,A8807-297-H64S01,297,钛金,787,1092,16,,,,,,,,,,,
星煜系列,星煜贵金属,A8807-124-KH64S01,124,黑金,787,1092,8,,,,,,,,,,,
星煜系列,星煜贵金属,A8807-297-KH64S01,297,黑金,787,1092,16,,,,,,,,,,,
星煜系列,丝绸纸,A3326-124-R2201,124,梅花红,787,1092,8,,,,,,,,,,,
星煜系列,丝绸纸,A3326-124-R2801,124,中国红,787,1092,8,,,,,,,,,,,
星煜系列,丝绸纸,A3326-124-P0301,124,暮山紫,787,1092,8,,,,,,,,,,,
星煜系列,丝绸纸,A3326-124-G4001,124,孔雀蓝,787,1092,8,,,,,,,,,,,
星煜系列,丝绸纸,A3326-124-B1101,124,景泰蓝,787,1092,8,,,,,,,,,,,
星煜系列,丝绸纸,A3326-124-GK09-101,124,荷叶绿,787,1092,8,,,,,,,,,,,
星煜系列,丝绸纸,A3326-124-G0401,124,柳黄绿,787,1092,8,,,,,,,,,,,
星煜系列,丝绸纸,A3326-124-C0101,124,香槟金,787,1092,8,,,,,,,,,,,
星煜系列,丝绸纸,A3326-124-K09-101,124,阑夜黑,787,1092,8,,,,,,,,,,,
星煜系列,丝绸纸,A3326-124-W04-101,124,蚕丝白,787,1092,6.7,,,,,,,,,,,
星煜系列,丝绸纸,A3326-250-W04-101,250,蚕丝白,787,1092,13.4,,,,,,,,,,,
星煜系列,丝绸纸,A3326-350-W04-101,350,蚕丝白,787,1092,18.8,,,,,,,,,,,
亮荧系列,亮荧冰白-单面,A9901D-120-X0101,120,冰白,787,1092,1.96,,,,,,,,,,,
亮荧系列,亮荧冰白-单面,A9901D-150-X0101,150,冰白,787,1092,2.45,,,,,,,,,,,
亮荧系列,亮荧冰白-双面,A9901S-250-X0101,250,冰白,787,1092,4.08,,,,,,,,,,,
亮荧系列,亮荧冰白-双面,A9901S-300-X0101,300,冰白,787,1092,4.9,,,,,,,,,,,
亮荧系列,亮荧冰白-单面,A9901D-120-X0102,120,冰白,889,1194,2.42,,,,,,,,,,,
亮荧系列,亮荧冰白-单面,A9901D-150-X0102,150,冰白,889,1194,3.03,,,,,,,,,,,
亮荧系列,亮荧冰白-双面,A9901S-250-X0102,250,冰白,889,1194,5.04,,,,,,,,,,,
亮荧系列,亮荧冰白-双面,A9901S-300-X0102,300,冰白,889,1194,6.05,,,,,,,,,,,
亮荧系列,亮荧银白-单面,A9902D-120-X0201,120,银白,787,1092,2.48,,,,,,,,,,,
亮荧系列,亮荧银白-双面,A9902S-190-X0201,190,银白,787,1092,3.92,,,,,,,,,,,
亮荧系列,亮荧银白-双面,A9902S-260-X0201,260,银白,787,1092,5.36,,,,,,,,,,,
亮荧系列,亮荧银白-双面,A9902S-315-X0201,315,银白,787,1092,6.5,,,,,,,,,,,
亮荧系列,亮荧银白-双面,A9902D-120-X0202,120,银白,889,1194,3.06,,,,,,,,,,,
亮荧系列,亮荧银白-双面,A9902S-190-X0202,190,银白,889,1194,4.84,,,,,,,,,,,
亮荧系列,亮荧银白-双面,A9902S-260-X0202,260,银白,889,1194,6.62,,,,,,,,,,,
亮荧系列,亮荧银白-双面,A9902S-315-X0202,315,银白,889,1194,8.02,,,,,,,,,,,
曼雅系列,曼雅伯爵,A7701-095-X0201,95,米色,787,1092,1.47,,,,,,,,,,,
曼雅系列,曼雅伯爵,A7701-095-X0202,95,米色,889,1194,1.82,,,,,,,,,,,
曼雅系列,曼雅伯爵,A7701-115-X0101,115,白色,787,1092,1.78,,,,,,,,,,,
曼雅系列,曼雅伯爵,A7701-115-X0102,115,白色,889,1194,2.2,,,,,,,,,,,
曼雅系列,曼雅伯爵,A7701-115-X0201,115,米色,787,1092,1.78,,,,,,,,,,,
曼雅系列,曼雅伯爵,A7701-115-X0202,115,米色,889,1194,2.2,,,,,,,,,,,
曼雅系列,曼雅伯爵,A7701-135-X0101,135,白色,787,1092,2.09,,,,,,,,,,,
曼雅系列,曼雅伯爵,A7701-135-X0102,135,白色,889,1194,2.58,,,,,,,,,,,
曼雅系列,曼雅伯爵,A7701-135-X0201,135,米色,787,1092,2.09,,,,,,,,,,,
曼雅系列,曼雅伯爵,A7701-135-X0202,135,米色,889,1194,2.58,,,,,,,,,,,
曼雅系列,曼雅伯爵,A7701-170-X0101,170,白色,787,1092,2.63,,,,,,,,,,,
曼雅系列,曼雅伯爵,A7701-170-X0102,170,白色,889,1194,3.25,,,,,,,,,,,
曼雅系列,曼雅伯爵,A7701-170-X0201,170,米色,787,1092,2.63,,,,,,,,,,,
曼雅系列,曼雅伯爵,A7701-170-X0202,170,米色,889,1194,3.25,,,,,,,,,,,
曼雅系列,曼雅伯爵,A7701-215-X0101,215,白色,787,1092,3.33,,,,,,,,,,,
曼雅系列,曼雅伯爵,A7701-215-X0102,215,白色,889,1194,4.11,,,,,,,,,,,
曼雅系列,曼雅伯爵,A7701-215-X0201,215,米色,787,1092,3.33,,,,,,,,,,,
曼雅系列,曼雅伯爵,A7701-215-X0202,215,米色,889,1194,4.11,,,,,,,,,,,
曼雅系列,曼雅伯爵,A7701-270-X0101,270,白色,787,1092,4.18,,,,,,,,,,,
曼雅系列,曼雅伯爵,A7701-270-X0102,270,白色,889,1194,5.16,,,,,,,,,,,
曼雅系列,曼雅伯爵,A7701-270-X0201,270,米色,787,1092,4.18,,,,,,,,,,,
曼雅系列,曼雅伯爵,A7701-270-X0202,270,米色,889,1194,5.16,,,,,,,,,,,
曼雅系列,曼雅伯爵,A7701-330-X0101,330,白色,787,1092,5.1,,,,,,,,,,,
曼雅系列,曼雅伯爵,A7701-330-X0102,330,白色,889,1194,6.31,,,,,,,,,,,
曼雅系列,曼雅伯爵,A7701-380-X0101,380,白色,787,1092,5.88,,,,,,,,,,,
曼雅系列,曼雅伯爵,A7701-380-X0102,380,白色,889,1194,7.26,,,,,,,,,,,
曼雅系列,曼雅高感,A7702-90-X0301,90,米色,787,1092,1.24,,,,,,,,,,,
曼雅系列,曼雅高感,A7702-90-X0302,90,米色,889,1194,1.53,,,,,,,,,,,
曼雅系列,曼雅高感,A7702-120-X0101,120,白色,787,1092,1.65,,,,,,,,,,,
曼雅系列,曼雅高感,A7702-120-X0102,120,白色,889,1194,2.04,,,,,,,,,,,
曼雅系列,曼雅高感,A7702-120-X0301,120,米色,787,1092,1.65,,,,,,,,,,,
曼雅系列,曼雅高感,A7702-120-X0302,120,米色,889,1194,2.04,,,,,,,,,,,
曼雅系列,曼雅高感,A7702-140-X0101,140,白色,787,1092,1.93,,,,,,,,,,,
曼雅系列,曼雅高感,A7702-140-X0102,140,白色,889,1194,2.38,,,,,,,,,,,
曼雅系列,曼雅高感,A7702-140-X0301,140,米色,787,1092,1.93,,,,,,,,,,,
曼雅系列,曼雅高感,A7702-140-X0302,140,米色,889,1194,2.38,,,,,,,,,,,
曼雅系列,曼雅高感,A7702-170-X0101,170,白色,787,1092,2.34,,,,,,,,,,,
曼雅系列,曼雅高感,A7702-170-X0102,170,白色,889,1194,2.89,,,,,,,,,,,
曼雅系列,曼雅高感,A7702-170-X0301,170,米色,787,1092,2.34,,,,,,,,,,,
曼雅系列,曼雅高感,A7702-170-X0302,170,米色,889,1194,2.89,,,,,,,,,,,
曼雅系列,曼雅高感,A7702-200-X0101,200,白色,787,1092,2.75,,,,,,,,,,,
曼雅系列,曼雅高感,A7702-200-X0102,200,白色,889,1194,3.4,,,,,,,,,,,
曼雅系列,曼雅高感,A7702-200-X0301,200,米色,787,1092,2.75,,,,,,,,,,,
曼雅系列,曼雅高感,A7702-200-X0302,200,米色,889,1194,3.4,,,,,,,,,,,
曼雅系列,曼雅高感,A7702-240-X0101,240,白色,787,1092,3.3,,,,,,,,,,,
曼雅系列,曼雅高感,A7702-240-X0102,240,白色,889,1194,4.08,,,,,,,,,,,
曼雅系列,曼雅高感,A7702-240-X0301,240,米色,787,1092,3.3,,,,,,,,,,,
曼雅系列,曼雅高感,A7702-240-X0302,240,米色,889,1194,4.08,,,,,,,,,,,
曼雅系列,曼雅高感,A7702-290-X0101,290,白色,787,1092,3.99,,,,,,,,,,,
曼雅系列,曼雅高感,A7702-290-X0102,290,白色,889,1194,4.93,,,,,,,,,,,
曼雅系列,曼雅高感,A7702-350-X0101,350,白色,787,1092,4.81,,,,,,,,,,,
曼雅系列,曼雅高感,A7702-350-X0102,350,白色,889,1194,5.94,,,,,,,,,,,
曼雅系列,曼雅高松,A7704-200-X0101,200,白色,787,1092,2.58,,,,,,,,,,,
曼雅系列,曼雅高松,A7704-200-X0102,200,白色,889,1194,3.18,,,,,,,,,,,
曼雅系列,曼雅高松,A7704-250-X0101,250,白色,787,1092,3.22,,,,,,,,,,,
曼雅系列,曼雅高松,A7704-250-X0102,250,白色,889,1194,3.98,,,,,,,,,,,
曼雅系列,曼雅高松,A7704-280-X0101,280,白色,787,1092,3.61,,,,,,,,,,,
曼雅系列,曼雅高松,A7704-280-X0102,280,白色,889,1194,4.46,,,,,,,,,,,
曼雅系列,曼雅高松,A7704-320-X0101,320,白色,787,1092,4.13,,,,,,,,,,,
曼雅系列,曼雅高松,A7704-320-X0102,320,白色,889,1194,5.1,,,,,,,,,,,
曼雅系列,曼雅凝砂,A7703D-125-X0101,125,白色,787,1092,2.79,,,,,,,,,,,
曼雅系列,曼雅凝砂,A7703D-125-X0102,125,白色,889,1194,3.45,,,,,,,,,,,
曼雅系列,曼雅凝砂,A7703S-165-X0101,165,白色,787,1092,3.69,,,,,,,,,,,
曼雅系列,曼雅凝砂,A7703S-165-X0102,165,白色,889,1194,4.55,,,,,,,,,,,
曼雅系列,曼雅凝砂,A7703S-215-X0101,215,白色,787,1092,4.8,,,,,,,,,,,
曼雅系列,曼雅凝砂,A7703S-215-X0102,215,白色,889,1194,5.93,,,,,,,,,,,
曼雅系列,曼雅凝砂,A7703S-265-X0101,265,白色,787,1092,5.92,,,,,,,,,,,
曼雅系列,曼雅凝砂,A7703S-265-X0102,265,白色,889,1194,7.31,,,,,,,,,,,
曼雅系列,曼雅凝砂,A7703S-315-X0101,315,白色,787,1092,7.04,,,,,,,,,,,
曼雅系列,曼雅凝砂,A7703S-315-X0102,315,白色,889,1194,8.69,,,,,,,,,,,
曼雅系列,曼雅凝砂,A7703D-135-F57S01,135,墨砾灰,787,1092,4.64,,,,,,,,,,,
曼雅系列,曼雅凝砂,A7703S-250-F57S01,250,墨砾灰,787,1092,8.59,,,,,,,,,,,
曼雅系列,曼雅凝砂,A7703S-360-F57S01,360,墨砾灰,787,1092,12.38,,,,,,,,,,,
曼雅系列,曼雅凝砂,A7703D-135-K08-1S01,135,砚磨黑,787,1092,5.8,,,,,,,,,,,
曼雅系列,曼雅凝砂,A7703S-250-K08-1S01,250,砚磨黑,787,1092,10.74,,,,,,,,,,,
曼雅系列,曼雅凝砂,A7703S-360-K08-1S01,360,砚磨黑,787,1092,15.47,,,,,,,,,,,
曼雅系列,曼雅凝砂,A7703D-135-F61S01,135,雾砂驼,787,1092,4.64,,,,,,,,,,,
曼雅系列,曼雅凝砂,A7703S-250-F61S01,250,雾砂驼,787,1092,8.59,,,,,,,,,,,
曼雅系列,曼雅凝砂,A7703S-360-F61S01,360,雾砂驼,787,1092,12.38,,,,,,,,,,,
曼雅系列,曼雅凝砂,A7703D-135-F59S01,135,陶锗棕,787,1092,4.64,,,,,,,,,,,
曼雅系列,曼雅凝砂,A7703S-250-F59S01,250,陶锗棕,787,1092,8.59,,,,,,,,,,,
曼雅系列,曼雅凝砂,A7703S-360-F59S01,360,陶锗棕,787,1092,12.38,,,,,,,,,,,
曼雅系列,曼雅凝砂,A7703D-135-F62S01,135,胭砾粉,787,1092,4.87,,,,,,,,,,,
曼雅系列,曼雅凝砂,A7703S-250-F62S01,250,胭砾粉,787,1092,9.02,,,,,,,,,,,
曼雅系列,曼雅凝砂,A7703S-360-F62S01,360,胭砾粉,787,1092,12.99,,,,,,,,,,,
曼雅系列,曼雅凝砂,A7703D-135-F64S01,135,朱砂红,787,1092,5.1,,,,,,,,,,,
曼雅系列,曼雅凝砂,A7703S-250-F64S01,250,朱砂红,787,1092,9.45,,,,,,,,,,,
曼雅系列,曼雅凝砂,A7703S-360-F64S01,360,朱砂红,787,1092,13.61,,,,,,,,,,,
曼雅系列,曼雅凝砂,A7703D-135-F63S01,135,碧砂绿,787,1092,5.1,,,,,,,,,,,
曼雅系列,曼雅凝砂,A7703S-250-F63S01,250,碧砂绿,787,1092,9.45,,,,,,,,,,,
曼雅系列,曼雅凝砂,A7703S-360-F63S01,360,碧砂绿,787,1092,13.61,,,,,,,,,,,
曼雅系列,曼雅凝砂,A7703D-135-F65S01,135,珐砂蓝,787,1092,5.57,,,,,,,,,,,
曼雅系列,曼雅凝砂,A7703S-250-F65S01,250,珐砂蓝,787,1092,10.31,,,,,,,,,,,
曼雅系列,曼雅凝砂,A7703S-360-F65S01,360,珐砂蓝,787,1092,14.85,,,,,,,,,,,
曼雅系列,曼雅雅爵,A7706-110-X0101,110,雅白,787,1092,1.8,,,,,,,,,,,
曼雅系列,曼雅雅爵,A7706-110-X0102,110,雅白,889,1194,2.22,,,,,,,,,,,
曼雅系列,曼雅雅爵,A7706-135-X0101,135,雅白,787,1092,2.2,,,,,,,,,,,
曼雅系列,曼雅雅爵,A7706-135-X0102,135,雅白,889,1194,2.72,,,,,,,,,,,
曼雅系列,曼雅雅爵,A7706-170-X0101,170,雅白,787,1092,2.78,,,,,,,,,,,
曼雅系列,曼雅雅爵,A7706-170-X0102,170,雅白,889,1194,3.43,,,,,,,,,,,
曼雅系列,曼雅雅爵,A7706-215-X0101,215,雅白,787,1092,3.51,,,,,,,,,,,
曼雅系列,曼雅雅爵,A7706-215-X0102,215,雅白,889,1194,4.34,,,,,,,,,,,
曼雅系列,曼雅雅爵,A7706-270-X0101,270,雅白,787,1092,4.41,,,,,,,,,,,
曼雅系列,曼雅雅爵,A7706-270-X0102,270,雅白,889,1194,5.45,,,,,,,,,,,
曼雅系列,曼雅雅爵,A7706-320-X0101,320,雅白,787,1092,5.23,,,,,,,,,,,
曼雅系列,曼雅雅爵,A7706-320-X0102,320,雅白,889,1194,6.45,,,,,,,,,,,
曼雅系列,曼雅优丽,A7705-80-X0101,80,白色,787,1092,0.93,,,,,,,,,,,
曼雅系列,曼雅优丽,A7705-80-X0102,80,白色,889,1194,1.15,,,,,,,,,,,
曼雅系列,曼雅优丽,A7705-100-X0101,100,白色,787,1092,1.16,,,,,,,,,,,
曼雅系列,曼雅优丽,A7705-100-X0102,100,白色,889,1194,1.43,,,,,,,,,,,
曼雅系列,曼雅优丽,A7705-80-X0201,80,米色,787,1092,0.93,,,,,,,,,,,
曼雅系列,曼雅优丽,A7705-80-X0202,80,米色,889,1194,1.15,,,,,,,,,,,
曼雅系列,曼雅优丽,A7705-100-X0201,100,米色,787,1092,1.16,,,,,,,,,,,
曼雅系列,曼雅优丽,A7705-100-X0202,100,米色,889,1194,1.43,,,,,,,,,,,
曼雅系列,曼雅优丽,A7705-170-X02T1,170,米白,787,550,1.03,,,,,,,,,,,
曼雅系列,曼雅优丽,A7705-170-X0206,170,米白,889,597,1.26,,,,,,,,,,,
曼雅系列,曼雅优丽,A7705-170-X0203,170,米白,889,635,1.34,,,,,,,,,,,
曼雅系列,曼雅書写,A7709-70-X0201,70,米色,787,1092,0.7,,,,,,,,,,,
曼雅系列,曼雅書写,A7709-70-X0202,70,米色,889,1194,0.86,,,,,,,,,,,
曼雅系列,曼雅書写,A7709-80-X0201,80,米色,787,1092,0.8,,,,,,,,,,,
曼雅系列,曼雅書写,A7709-80-X0202,80,米色,889,1194,0.99,,,,,,,,,,,
曼雅系列,曼雅書写,A7709-100-X0201,100,米色,787,1092,1,,,,,,,,,,,
曼雅系列,曼雅書写,A7709-100-X0202,100,米色,889,1194,1.23,,,,,,,,,,,
曼雅系列,曼雅書写,A7709-120-X0201,120,米色,787,1092,1.2,,,,,,,,,,,
曼雅系列,曼雅書写,A7709-120-X0202,120,米色,889,1194,1.48,,,,,,,,,,,
曼雅系列,曼雅書写超滑,A7710-80-X0201,80,米色,787,1092,0.85,,,,,,,,,,,
曼雅系列,曼雅書写超滑,A7710-80-X0202,80,米色,889,1194,1.05,,,,,,,,,,,
曼雅系列,曼雅書写超滑,A7710-100-X0201,100,米色,787,1092,1.07,,,,,,,,,,,
曼雅系列,曼雅書写超滑,A7710-100-X0202,100,米色,889,1194,1.32,,,,,,,,,,,
曼雅系列,曼雅滑面,A7707-85-X0101,85,白色,787,1092,1.17,,,,,,,,,,,
曼雅系列,曼雅滑面,A7707-85-X0102,85,白色,889,1194,1.44,,,,,,,,,,,
曼雅系列,曼雅滑面,A7707-105-X0101,105,白色,787,1092,1.44,,,,,,,,,,,
曼雅系列,曼雅滑面,A7707-105-X0102,105,白色,889,1194,1.78,,,,,,,,,,,
曼雅系列,曼雅滑面,A7707-135-X0101,135,白色,787,1092,1.86,,,,,,,,,,,
曼雅系列,曼雅滑面,A7707-135-X0102,135,白色,889,1194,2.29,,,,,,,,,,,
曼雅系列,曼雅滑面,A7707-105-X0201,105,米色,787,1092,1.44,,,,,,,,,,,
曼雅系列,曼雅滑面,A7707-105-X0202,105,米色,889,1194,1.78,,,,,,,,,,,
曼雅系列,曼雅滑面,A7707-135-X0201,135,米色,787,1092,1.86,,,,,,,,,,,
曼雅系列,曼雅滑面,A7707-135-X0202,135,米色,889,1194,2.29,,,,,,,,,,,
欧纯系列,欧纯棉纸,A2202-115-X0101,115,白色,787,1092,1.78,,,,,,,,,,,
欧纯系列,欧纯棉纸,A2202-115-X0102,115,白色,889,1194,2.2,,,,,,,,,,,
欧纯系列,欧纯棉纸,A2202-115-X0201,115,米色,787,1092,1.78,,,,,,,,,,,
欧纯系列,欧纯棉纸,A2202-115-X0202,115,米色,889,1194,2.2,,,,,,,,,,,
欧纯系列,欧纯棉纸,A2202-140-X0101,140,白色,787,1092,2.17,,,,,,,,,,,
欧纯系列,欧纯棉纸,A2202-140-X0102,140,白色,889,1194,2.67,,,,,,,,,,,
欧纯系列,欧纯棉纸,A2202-140-X0201,140,米色,787,1092,2.17,,,,,,,,,,,
欧纯系列,欧纯棉纸,A2202-140-X0202,140,米色,889,1194,2.67,,,,,,,,,,,
欧纯系列,欧纯棉纸,A2202-190-X0101,190,白色,787,1092,2.94,,,,,,,,,,,
欧纯系列,欧纯棉纸,A2202-190-X0102,190,白色,889,1194,3.63,,,,,,,,,,,
欧纯系列,欧纯棉纸,A2202-190-X0201,190,米色,787,1092,2.94,,,,,,,,,,,
欧纯系列,欧纯棉纸,A2202-190-X0202,190,米色,889,1194,3.63,,,,,,,,,,,
欧纯系列,欧纯棉纸,A2202-250-X0101,250,白色,787,1092,3.87,,,,,,,,,,,
欧纯系列,欧纯棉纸,A2202-250-X0102,250,白色,889,1194,4.78,,,,,,,,,,,
欧纯系列,欧纯棉纸,A2202-250-X0201,250,米色,787,1092,3.87,,,,,,,,,,,
欧纯系列,欧纯棉纸,A2202-250-X0202,250,米色,889,1194,4.78,,,,,,,,,,,
欧纯系列,欧纯棉纸,A2202-300-X0101,300,白色,787,1092,4.64,,,,,,,,,,,
欧纯系列,欧纯棉纸,A2202-300-X0102,300,白色,889,1194,5.73,,,,,,,,,,,
欧纯系列,欧纯棉纸,A2202-300-X0201,300,米色,787,1092,4.64,,,,,,,,,,,
欧纯系列,欧纯棉纸,A2202-300-X0202,300,米色,889,1194,5.73,,,,,,,,,,,
欧纯系列,欧纯棉纸,A2202-350-X0101,350,白色,787,1092,5.41,,,,,,,,,,,
欧纯系列,欧纯棉纸,A2202-350-X0102,350,白色,889,1194,6.69,,,,,,,,,,,
欧纯系列,欧纯棉纸,A2202-350-X0201,350,米色,787,1092,5.41,,,,,,,,,,,
欧纯系列,欧纯棉纸,A2202-350-X0202,350,米色,889,1194,6.69,,,,,,,,,,,
欧纯系列,蛋壳纹,A2203-130-X0101,130,白色,787,1092,2.01,,,,,,,,,,,
欧纯系列,蛋壳纹,A2203-130-X0103,130,白色,889,635,1.32,,,,,,,,,,,
欧纯系列,蛋壳纹,A2203-130-X0201,130,米色,787,1092,2.01,,,,,,,,,,,
欧纯系列,蛋壳纹,A2203-130-X0203,130,米色,889,635,1.32,,,,,,,,,,,
欧纯系列,蛋壳纹,A2203-180-X0101,180,白色,787,1092,2.78,,,,,,,,,,,
欧纯系列,蛋壳纹,A2203-180-X0102,180,白色,889,1194,3.44,,,,,,,,,,,
欧纯系列,蛋壳纹,A2203-180-X0201,180,米色,787,1092,2.78,,,,,,,,,,,
欧纯系列,蛋壳纹,A2203-180-X0202,180,米色,889,1194,3.44,,,,,,,,,,,
欧纯系列,蛋壳纹,A2203-230-X0101,230,白色,787,1092,3.56,,,,,,,,,,,
欧纯系列,蛋壳纹,A2203-230-X0102,230,白色,889,1194,4.39,,,,,,,,,,,
欧纯系列,蛋壳纹,A2203-230-X0201,230,米色,787,1092,3.56,,,,,,,,,,,
欧纯系列,蛋壳纹,A2203-230-X0202,230,米色,889,1194,4.39,,,,,,,,,,,
欧纯系列,蛋壳纹,A2203-280-X0101,280,白色,787,1092,4.33,,,,,,,,,,,
欧纯系列,蛋壳纹,A2203-280-X0102,280,白色,889,1194,5.35,,,,,,,,,,,
欧纯系列,蛋壳纹,A2203-280-X0201,280,米色,787,1092,4.33,,,,,,,,,,,
欧纯系列,蛋壳纹,A2203-280-X0202,280,米色,889,1194,5.35,,,,,,,,,,,
欧纯系列,莱妮纹,A2204-130-X0101,130,白色,787,1092,2.01,,,,,,,,,,,
欧纯系列,莱妮纹,A2204-130-X0103,130,白色,889,635,1.32,,,,,,,,,,,
欧纯系列,莱妮纹,A2204-130-X0201,130,米色,787,1092,2.01,,,,,,,,,,,
欧纯系列,莱妮纹,A2204-130-X0203,130,米色,889,635,1.32,,,,,,,,,,,
欧纯系列,莱妮纹,A2204-180-X0101,180,白色,787,1092,2.78,,,,,,,,,,,
欧纯系列,莱妮纹,A2204-180-X0102,180,白色,889,1194,3.44,,,,,,,,,,,
欧纯系列,莱妮纹,A2204-180-X0201,180,米色,787,1092,2.78,,,,,,,,,,,
欧纯系列,莱妮纹,A2204-180-X0202,180,米色,889,1194,3.44,,,,,,,,,,,
欧纯系列,莱妮纹,A2204-230-X0101,230,白色,787,1092,3.56,,,,,,,,,,,
欧纯系列,莱妮纹,A2204-230-X0102,230,白色,889,1194,4.39,,,,,,,,,,,
欧纯系列,莱妮纹,A2204-230-X0201,230,米色,787,1092,3.56,,,,,,,,,,,
欧纯系列,莱妮纹,A2204-230-X0202,230,米色,889,1194,4.39,,,,,,,,,,,
欧纯系列,莱妮纹,A2204-280-X0101,280,白色,787,1092,4.33,,,,,,,,,,,
欧纯系列,莱妮纹,A2204-280-X0102,280,白色,889,1194,5.35,,,,,,,,,,,
欧纯系列,莱妮纹,A2204-280-X0201,280,米色,787,1092,4.33,,,,,,,,,,,
欧纯系列,莱妮纹,A2204-280-X0202,280,米色,889,1194,5.35,,,,,,,,,,,
欧纯系列,雅感超滑,A2218-145-X0101,145,白色,787,1092,1.74,,,,,,,,,,,
欧纯系列,雅感超滑,A2218-145-X0102,145,白色,889,1194,2.15,,,,,,,,,,,
欧纯系列,雅感超滑,A2218-175-X0101,175,白色,787,1092,2.11,,,,,,,,,,,
欧纯系列,雅感超滑,A2218-175-X0102,175,白色,889,1194,2.6,,,,,,,,,,,
欧纯系列,雅感超滑,A2218-235-X0101,235,白色,787,1092,2.83,,,,,,,,,,,
欧纯系列,雅感超滑,A2218-235-X0102,235,白色,889,1194,3.49,,,,,,,,,,,
欧纯系列,雅感超滑,A2218-295-X0101,295,白色,787,1092,3.55,,,,,,,,,,,
欧纯系列,雅感超滑,A2218-295-X0102,295,白色,889,1194,4.38,,,,,,,,,,,
欧纯系列,欧纯雨淋纸,A2219-95-X0101,95,白色,787,1092,2.29,,,,,,,,,,,
欧纯系列,欧纯雨淋纸,A2219-95-X0102,95,白色,889,1194,2.82,,,,,,,,,,,
欧纯系列,欧纯雨淋纸,A2219-110-X0101,110,白色,787,1092,2.65,,,,,,,,,,,
欧纯系列,欧纯雨淋纸,A2219-110-X0102,110,白色,889,1194,3.27,,,,,,,,,,,
欧纯系列,欧纯雨淋纸,A2219-140-X0101,140,白色,787,1092,3.37,,,,,,,,,,,
欧纯系列,欧纯雨淋纸,A2219-140-X0102,140,白色,889,1194,4.16,,,,,,,,,,,
欧纯系列,欧纯雨淋纸,A2219-170-X0101,170,白色,787,1092,4.09,,,,,,,,,,,
欧纯系列,欧纯雨淋纸,A2219-170-X0102,170,白色,889,1194,5.05,,,,,,,,,,,
欧纯系列,欧纯雨淋纸,A2219-240-X0101,240,白色,787,1092,5.78,,,,,,,,,,,
欧纯系列,欧纯雨淋纸,A2219-240-X0102,240,白色,889,1194,7.13,,,,,,,,,,,
欧纯系列,丽晶磨砂,A2211-125-1231,125,金色,787,1092,6.85,,,,,,,,,,,
欧纯系列,丽晶磨砂,A2211-255-2531,255,金色,787,1092,9.93,,,,,,,,,,,
欧纯系列,丽晶磨砂,A2211-125-1232,125,银色,787,1092,6.85,,,,,,,,,,,
欧纯系列,丽晶磨砂,A2211-255-2532,255,银色,787,1092,9.93,,,,,,,,,,,
欧纯系列,丽晶磨砂,A2211-125-1237,125,香槟,787,1092,6.85,,,,,,,,,,,
欧纯系列,丽晶磨砂,A2211-255-2537,255,香槟,787,1092,9.93,,,,,,,,,,,
欧纯系列,丽晶磨砂,A2211-125-1239,125,青铜,787,1092,6.85,,,,,,,,,,,
欧纯系列,丽晶磨砂,A2211-255-2539,255,青铜,787,1092,9.93,,,,,,,,,,,
欧纯系列,丽晶拉丝,A2210-125-1221,125,金色,787,1092,6.85,,,,,,,,,,,
欧纯系列,丽晶拉丝,A2210-255-2521,255,金色,787,1092,9.93,,,,,,,,,,,
欧纯系列,丽晶拉丝,A2210-125-1222,125,银色,787,1092,6.85,,,,,,,,,,,
欧纯系列,丽晶拉丝,A2210-255-2522,255,银色,787,1092,9.93,,,,,,,,,,,
欧纯系列,丽晶拉丝,A2210-125-1227,125,香槟,787,1092,6.85,,,,,,,,,,,
欧纯系列,丽晶拉丝,A2210-255-2527,255,香槟,787,1092,9.93,,,,,,,,,,,
欧纯系列,丽晶拉丝,A2210-125-1229,125,青铜,787,1092,6.85,,,,,,,,,,,
欧纯系列,丽晶拉丝,A2210-255-2529,255,青铜,787,1092,9.93,,,,,,,,,,,
