2024杭州悦声印刷纸综合价格表,,,,,,,,2024杭州悦声包装纸综合价格表,,,,,,,,,,
未注明/吨的，均为令价,,,,,,,,未注明/吨的，均为令价,,,,,,,,,,
,产品分类,,批发价,,备注,,,,品牌,品种,克重,规格,颜色/纹路,单位,批发价,备注,,
页,品名,颜色/纹路,克重,规格,批发价,备注,,嘉兴10月新品,凤歌环保,,150,正度,高亮充皮,令,3950,充皮纹/细格纹,,
新品,柔美生态纸,蔗造纸/超白,120-350,正度,14300/吨,,,,,,150,,哑光充皮,令,3800,羊皮/淮枝,,
,,竹造纸/雪白,120-400,,14300/吨,,,,,,150,,金属充皮,令,3450,峰窜/流沙,,
,,竹造精品/超白,120-350,,16000/吨,,,,,,柔性定制，适量库存，非样板标准产品，整卷起订约6000张。不足收开机费1500-2500元,,,,,,,
东莞新品,新印画EP-PACK,超白/单面,130/160/260/360,,12000/吨,东莞基地适量备货，可定制特规,,,风行触感耐刮型,,120,正度,黑色/单面,令,1300,柔性定制，适量库存，非样板标准产品，整卷起订约6000张。不足收开机费1000-1500元,,
,,超白/双面,140/170/270/370,,12500/吨,,,,,,200,,,令,1675,,,
,映彩,经典白,120/150/200/240,,9500/吨,东莞基地批量备货,,,,,250,,,令,1900,,,
,雪砂,皓白,130单面,正/大度,965 ,东莞基地批量备货，支持特规分切,,,,,300,,,令,2250,,,
,,,180单面,,1320 ,,,,,,350,,,令,2350,,,
,,,310单面,,2200 ,,,,,,120,,红色/单面,令,1350,,,
,,,165双面,,1295 ,,,,,,200,,,令,1725,,,
,,,190双面,,1485 ,,,,,,250,,,令,1950,,,
,,,250双面,,1870 ,,,,,,300,,,令,2300,,,
,,,320双面,,2365 ,,,,,,350,,,令,2400,,,
,樱松黑卡,P155,110 ,正度,630,"•精选100%纯木浆纤维造制；•1.6-1.7的独特松厚度，具备良好的加工适用性，纸张耐破较好；•色牢度较好，不易褪色；•色差值△E＜1.5。
（本产品暂不备库存，按需调货）",,嘉兴新品,"新风行金属
（单面）",,135g,正度,冰晶白、晨粉金、玫瑰金、古典金、香槟金、青石金、炫金、太阳金、冰川银、冰晶蓝、梦幻紫、尚品紫、沉稳灰,令,1300,,,
,,P185,130 ,,740,,,,,,,,紫铜金、中国红、烈焰红、红荔红、莱姆绿、翡翠绿、墨青绿、松石绿、晶钻蓝、星空蓝、、银碳色、金棕色、橡木棕、摩卡棕、石砚黑,令,1400,,,
,,P215,150 ,,860,,,,,,160g,,太阳金、古典金、香槟金、星空蓝、摩卡棕,令,1450,,,
,,P310,200 ,,1085,,,,,,230g,,,令,1800,,,
,,P370,250 ,,1360,,,,,风云触感/外购,120,正度,黑色/红色(平面）,令,950,嘉兴适量备货,,
,,P430,300 ,,1630,,,,,风云流霞,120,,天蓝/粉红/桔黄,令,1100,,,
,极致黑卡,黑色,180 ,,1520,"•100%纯木浆纤维，高强。
•极致黑卡突破常规极限
（本产品暂不备库存，按需调货）",,,,,120,,鲜红/酒红/深蓝,令,1150,,,
,,,220 ,,1850,,,,,万象流金,130单面,正度,平面（20个色）,令,1450,艾利丝、平面，嘉兴备正度规格，大度属于定制，起订数量不少于5000㎡,,
,水溶纸,平面/白色,120,正度,2090,东莞备打样纸，后续起订数量为600kg,,,,,,,纹面（艾利丝）,令,1500,,,
,,,270,,4700,接受克重定制，顺带抄造时2吨起订，单独开机4吨起定，误差数±0.5吨以内；,,,,,200-P30,,平面/纹路,令,1800,,,
新品,嵩厚黑卡,,100-160,正/大度,13600,,,,,,130单面,,魅力红,令,1600,,,
,,,170-350,,13000,,,东莞新品,万象牌,踏雪,120,正度,冰川绿、初雪白、甜心粉、极光紫、清新黄、柏香棕,令,1550,东莞仓适量备货,,
,,P155,110,,644,,,,,玉沙,120,,沙尘灰、松叶绿、深冬灰、珊瑚粉、郁金紫、麦茶黄、圣洁白、贝壳米,令,1550,,,
,,P185,130,,758,,,,,万象兰迪,130,正度,"平面,20色",令,1425,东莞基地定制产品，不常备原纸,,
,,P215,150,,877,,,,,万象魅影,130,正度,"平面,12色",令,1800,东莞基地适量备货，不支持特规,,
,,P310,200,,1113,,,,,风云触感（DG）,130,正度,滑系列/红色,令,1100,,,
,,P380,250,,1389,,,,,,130,,滑系列/黑色,令,1050,,,
,,P430,300,,1670,,,,,,130,正度,绒系列/红色,令,1350,,,
,多功能彩色纸,米黄/粉红/三文鱼/白色/   灰色/天蓝/浅紫 /浅绿,70-180,正/大度,10000,,,,,,130,,绒系列/黑色,令,1200,,,
,,大红/桔红/深紫/湖蓝/海蓝/金黄/翠绿/草绿/深红,,,10500,,,,凝灿牌,"流金溢彩
单面纹",130,正度,7色,令,1600,东莞基地定制产品，原纸常备卷筒，支持特规特定,,
,,柠檬黄/咖啡/玫红/黑色/   深咖啡,,,11500,,,,,,130,,沸点红/优雅米/贵族蓝/银河灰/孔雀蓝,令,1700,,,
思域牌（嘉兴）,思域领秀.本质,超白,120-350,正/大度,10500/吨,可定制FSC Mix Credit,,,,,130,,甜蜜桔/巴黎绿/经典红,令,1875,,,
,思域领秀.CIS,单面/超白,125,,725 ,产品特性：,,嘉兴生产产品,翼羽牌,彩域系列,120,正度,其它色,令,800,,,
,,,170,,975 ,1、食品级抄造，杜绝空气尘埃与异物污染；,,,,,120,,舒适蓝、坚毅棕、谦和灰,令,900,,,
,,,250,,1425 ,2、△Ε≤1，批次无差别，长单无烦恼；3、高松抄造，节约10%的木材资源；,,,,出色充皮,130,正度,高亮,令,1625,,,
,,,300,,1700 ,烫金、裱糊、折盒等工艺,,,,,130,,哑光,令,1925,,,
,,,350,,2000 ,涂布面满足精美多色印刷，,,,风行系列,风行珠光   手袋专用,200,正度,白色,令,1175 ,,,
,思域超滑,超白,120g,,600,可定制FSC Mix Credit,,,,,200,,彩色,令,1200 ,,,
,,,150g,,750,,,,,风行珠光,110,,冰白,令,600,柔性定制产品，适量备纸样，非标准产品，整卷6000张起订，低于6000张，开机费600-1000元,,
,思域超感,超白,135g-165g,,11600/吨,,,,,,130,,冰白,令,650,,,
,思域壹级卡,雪白/单面,350,,12500/吨,,,,,,130,,金黄,令,725,,,
纯粹牌,纤雪环保,,80-350,正/大度,10200/吨,1、嘉兴仓备货，正度，大度，787和889门幅卷，偶有635门幅卷；,,,,,120,,主色,令,750,,,
,,高白/浅米,80,,351 ,,,,,,,,深色,令,800,,,
,,雪白/高白/浅米,100,,438 ,2、特规分切，单一幅宽起定数量2500㎡（成品误差数±20张以内），以实际产出数量结算货款,,,,,,,特殊色,令,850,,,
,,,120,,526 ,,,,,,130,,定制浅色,令,825,,,
,,,150,,657 ,,,,,,,,定制深色,令,875,,,
,,雪白,170,,745 ,3、分切不足起定数量，加收开机费150元。,,,,,250,,冰白,令,1325 ,,,
,,高白/浅米,180,,789 ,4、所有纹路均须定制；,,,,,300,,,令,1625 ,,,
,,雪白,210,,920 ,5、150g及以下，起定数量2500㎡（成品误差数±20张以内），以实际产出数量结算货款，不足起定数量须加收开机费300元。,,,,风行充皮,120,正度,黑色,令,750,常备：平面/丝趣/细格/云盾/充皮/莱妮/美梨,,
,,高白/浅米,220,,964 ,,,,,,,,其它色,令,800,,,
,,雪白,250,,1096 ,,,,,,,,双色,令,900,,,
,,高白/浅米,280,,1227 ,6、170g及以上，正、大度起定数量为500张，不足加收开机费150元；特殊规格参照第2条起订数量要求。,,,,"风行充皮
高亮/哑光",120,,黑色,令,1025,柔性定制产品，适量备纸样，非标准产品，整卷6000张起订，低于6000张，开机费600-1000元,,
,,雪白,300,,1315 ,,,,,,,,其它色,令,1050,,,
,,高白/雪白,380,,1666 ,,,,,"风行充皮
高克重",230g,,黑色/大红（平面/单面纹）,令,1700 ,,,
嘉兴自产型涂布珠光,"星烁
（快干）",单面/平面,135g,正度,900 ,"缎白
珠白",,,,,250g,,,令,1850 ,,,
,,,300g,,1750 ,,,,,,300g,,,令,2125 ,,,
,,,350g,,2050 ,,,,,,350g,,,令,2400 ,,,
,,双面/平面,135g,,975 ,"缎白
珠白",,,,风行触感,120克/平面单面,正度,黑色,令,1250 ,,,
,,,150g,,1100 ,,,,,,,,红色/桔红/金黄/雪白/白色,令,1350 ,,,
,,,250g,,1625 ,,,,,,,,其它深色,令,1400 ,,,
,,单面纹,135g,,1000 ,菱影/苏拉/拉丝,,,,,120克/纹面单面唯真/碎皮/雅丽,,黑色,令,1400 ,,,
,,,300g,,1850 ,冰丝、雅丽,,,,,,,红色,令,1450 ,,,
,,,350g,,2150 ,亚麻、几何,,,,,,,其它色,令,1500 ,,,
,星采丽印   （JX）,冰白,120单面,正/大度,675,嘉兴基地批量备货,,,,,150,,黑色/单面,令,1500 ,,,
,,,300单面,,1450,,,,,,250,,,令,2000,,,
,,,350单面,,1725,,,,,,300,,,令,2250,,,
,,,150,,900,,,,,,350,,,令,2525,,,
,,,200,,1050,,,,,,400,,,令,2800,,,
,,,250,,1275,,,,,,260,,黑色/双面,令,2750,,,
,,,300,,1500,,,,,,150,,红色/单面,令,1500,,,
,,,350,,1700,,,,,,250,,,令,2025,,,
,星采速印（JX）,冰白,250,正/大度,1200,定制产品，5-10吨起,,,,,300,,,令,2300,,,
,,,300,,1450,,,,,,350,,,令,2575,,,
嘉兴自产型涂布产品,新映彩（JX）,嘉兴仓后期白色/雪白,120-330,,9800/吨,1、嘉兴仓备货-雪白色，正度，大度，787和889门幅卷，偶有635门幅卷；,,,,,260,,红色/双面,令,2950,,,
,,,120,,480 ,,,,,,250g单面,,其它色,令,2225,,,
,,,150,,600 ,2、特规分切，起定数量2500㎡（成品误差数±100张以内），以实际产出数量结算货款,,,,,260g双面,,,令,3000,,,
,,,180,,720 ,,,,,,300g单面,,,令,2575,,,
,,,200,,800 ,,,,,"风行触感
雅丽纹",P34,,"雅丽纹：桔红(红底）/夜蓝（黑底）/草绿（黑底）/沸红（黑底）
酷黑",令,1800,,,
,,,240,,960 ,,,,,,P43,,,令,2100,,,
,,,280,,1120 ,3、不足起定数量，加收开机费200元,,,,"风行触感
雕金",160,正度,定制所有色,令,2200,单款颜色最少起订数量为正度或者大度6000张或者相应门幅的特规不少于5000㎡（误差数±100张以内），允许两个克重，单克重不能少于3000张或者2500㎡，以实际产出数量交付并结算货款。,,
,,,300,,1200 ,白色和米白色售完，200g以下单次10吨起订，200g以上单次5万㎡起订,,,,,260,,,令,2900,,,
,,,330,,1320 ,,,,,,280,,,令,3000,,,
,,,370,,1480 ,,,,,"风行金属
 雕金",160,,,令,2325,,,
,新印画,高白/浅米,100-300,正/大度,9700/吨,1、嘉兴仓备货，正度，大度，787和889门幅卷，偶有635门幅卷；,,,,,260,,,令,3025,,,
,,,100,,415 ,,,,,,280,,,令,3100,,,
,,,120,,495 ,2、特规分切，单一幅宽起定数量2500㎡（成品误差数±100张以内），以实际产出数量结算货款,,,,"风行珠光
雕金",160,,,令,1900,,,
,,,140,,580 ,,,,,,260,,,令,2600,,,
,,,170,,700 ,3、不足起定数量，加收开机费200元,,,,,280,,,令,2700,,,
,,,200,,825 ,,,1,意象牌,意象触感,130g单面,正度,黑色,令,2700 ,A类,,
,,,240,,990 ,4.压纹:单面纹+0.20元/张，双面纹+0.30元/张，非样板标准产品，压纹6000张起订,,,,,240g单面,,,令,3600 ,,,
,,,300,,1240 ,,,,,,300g单面,,,令,4250 ,,,
,画卿,原白/自然白,80,正/大度,10000/吨,嘉兴基地后续备量备货,,,,,130g单面,,红色,令,2700 ,,,
,,,100,,,,,,,,240g单面,,,令,3650 ,,,
,,,120,,,,,,,,135g单面,,白色/象牙,令,2500 ,,,
嘉兴自产型嵩厚产品,樱松超感,超白/本白,195-290,正/大度,11000/吨,嘉兴基地适量备货,,,,,260g双面,,,令,5250 ,,,
,,,195,,925 ,,,,,,330g双面,,,令,5850 ,,,
,,,210,,995 ,,,2,意象牌,锦絮飞扬,17001-P15,正度,超白/本白/金黄/灰色/深蓝/大红/深棕/深咖啡,令,1300 ,东莞基地定制产品,,
,,,240,,1135 ,,,,,,17001-P24,,超白/本白,令,2100 ,,,
,,,260,,1230 ,,,,,,17001-P30,,,令,2600 ,,,
,,,290,,1370 ,,,,,锦絮炫彩,17002-P16,,超白/冰白/米白/白金(单面),令,2400 ,有原纸就接单生产，单独上机200g以下3吨，200g以上(含)40令，顺带生产至少整卷做货。,,
,凝光金属,冰白/珠白/银白,200,正/大度,1300,,,,,,17002-P18,,超白/冰白(双面),令,3200 ,,,
,,,220,,1400,,,,,,17001-P28,,,令,4125 ,,,
,,,250,,1550,,,,,,17001-P32,,,令,4700 ,,,
,,,280,,1750,,,,,锦絮丽画,17003-P18,,白色/米白,令,3100 ,,,
,,,300,,1850,,,3,,新凯维斯    触感平面,130g单面,,橙黄/蔚蓝/暮蓝/芽绿/米白/白色/东方白/冰川蓝,令,1450 ,,,
出色系列,出色本质,雅韵/皇朝/年轮/莱茵/牛津/纤柔,120主色,正/大度,1250,雅黄/浅灰/果粉/暖灰/月驼/湖绿/青柠/黛蓝/明黄/静灰/红木/超白/本白,,,,,,,50个色,令,1650 ,备货产品：1、平面 60个色 正度规格； 2、唯真纹和雅丽纹2个颜色（黑色、红色）  正度规格；,,
,,,120深色,,1300,桔红/墨绿/砚黑/深蓝/靛蓝/鲜红/深咖啡/静灰/大红/深红/深灰,,,,,,,凝夜紫/风信紫,令,1750 ,,,
,,,270,,2700,所有色,,,,,120g单面,,单面-黑平面,令,1350 ,,,
,,,330,,3250,,,,,,130g单面,,,令,1400 ,,,
,,雅韵/超白本白,170,,1800,,,,,,150g单面,,,令,1550 ,,,
,,,230,,2350,,,,,,240g单面,,,令,1975 ,50个色包括：灰色 红色 正红 藏蓝 宝蓝 咖啡 墨绿 黑色 铅灰 深蓝 棕色 金黄 水蓝 桔红 浓酒红 紫砂棕 胡桃棕 牡丹粉 豆沙粉 香妃粉 荷花粉 缃叶黄 樱草黄 云烟紫   青石灰 青铜绿 织锦灰 光影灰 摩卡灰 寒泉灰 明月黄 凤梨黄 密驼棕 烟叶棕 木姜黄 朱砂红 热带橙 胭脂红 圣女红 晴海绿 松石蓝 青竹绿中国绿 孔雀绿 景泰蓝 暮山紫   长春紫 水墨蓝 黑橡粽 千岁绿,,
,出色珊瑚,雪山白/单面,130,正度,2000,S,,,,,300g单面,,,令,2350 ,,,
,,,240,,2950,,,,,,350g单面,,,令,2625 ,,,
,,,350,,3800,,,,,,250g双面,,双面-黑平面,令,2650 ,,,
,,雪山白/双面,140,,3500,,,,,,330g双面,,,令,3050 ,,,
,,,200,,4000,,,,,,120g单面,,单面—红平面,令,1450 ,,,
,,,260,,4575,,,,,,130g单面,,,令,1500 ,,,
,,,300,,4975,,,,,,150g单面,,,令,1700 ,,,
,出色玲珑,超白/星米/银灰/黑玉/冰白,130克单面,正/大度,1950,S,,,,,240g单面,,,令,2300 ,,,
,,其它色,,,2050,,,,,,300g单面,,,令,2750 ,,,
,,所有色,135克双面,,2725,,,,,,250g双面,,双面—红平面,令,3050 ,,,
,,,290克双面,,3925,,,,,琅彩,130g单面,正度,绿幻 赤幻,令,2800 ,东莞基地定制产品，原纸常备卷筒，支持特规特定,,
,出色充皮,亮光,130克单面,,1600,标准14色,,,,,,,蓝幻 紫幻 黑幻 棕幻,令,2600 ,,,
,,哑光,,,1850,,,,,,,,金幻 银幻 玫瑰金 香槟金,令,2500 ,,,
,出色珠光,雅典红/坚毅黑,130单面,,1550,S,,,,,250g双面,,蓝幻/黑幻/紫幻,令,5200 ,,,
,,,270单面,,2950,,,,,,,,绿幻,令,5600 ,,,
,,,330单面,,3425,,,,,,350g单面,,蓝幻/紫幻,令,5000 ,,,
,,,280双面,,3200,,,4,凤歌牌,凤歌充皮01-A130（红宝石亮面）,130g,0.79*100,丹荔/斜格   大红,米,7.50 ,定制产品，原纸不常备，接单详询计划部,,
,,,350双面,,5150,,,,,,,0.79*100,丹荔/斜格   黑色,米,6.30 ,,,
,出色触感,单面,130,正度,2100 ,大红/砚黑,,,,凤歌充皮02-B130(哑面）,130g,0.79*100,碎皮/丹荔,米,8.30 ,,,
,,,,,2250 ,超白、本白、果粉、新绿、明黄、鲜红、亮绿、靛蓝、魅紫、深咖啡、暖灰、深蓝、深灰、砚黑,,,,凤歌充皮05-E140（红宝石PU充皮）,140g,正度,平面（单面）,令,4450 ,,,
,,双面,290,,4850 ,大红/砚黑,,,,,300g,正度,,令,6450 ,,,
,,,,,4975 ,超白、暖灰、深蓝、大红、深咖啡、砚黑,,5~6,凤歌牌,红宝石      金属充皮,140,0.8*100m,鸟巢/丝趣/云盾/细格  6色,米,7.60 ,,,
,出色星域,平面,120g单面,正度,1300 ,珍珠白、雪冰白、极光银,,,,,140,正度,,令,4000 ,,,
,,,,,1400 ,日辉黄、丹霞橙、玛瑙红、日珥红、星空紫、星辉金、拂晓粉、香槟金、碧玺绿、月光蓝、松石青、宝石蓝、星空蓝、翡翠绿、月石银、玄武灰、矅金黑,,,,红宝石     珠光充皮,140,,唯真纹/蜂窝纹,令,4000,,,
,,,130g双面,,1700 ,珍珠白、雪冰白、极光银,,,,红宝石     皮感充皮,140g,,纳柏纹:灰色/深棕/蓝色/浅棕/桔红/棕色,令,4000,,,
,,,,,1800 ,日辉黄、丹霞橙、玛瑙红、日珥红、星空紫、星辉金、拂晓粉、香槟金、碧玺绿、月光蓝、松石青、宝石蓝、星空蓝、翡翠绿、月石银、玄武灰、矅金黑,,,,红宝石     高亮充皮,140正度,,单色,令,3750 ,,,
,,,290g双面,,3100 ,珍珠白、雪冰白,,,,,,,双色,令,3950 ,,,
,,,,,3250 ,玛瑙红、拂晓粉、碧玺绿、月光蓝、松石青、玄武灰、矅金黑,,6、8,凤歌牌凯维斯系列,新凯维斯       金属,130,正度,魔丽红 紫砂红 中国蓝 电光蓝 繁星棕 冷翡翠 粟金棕 珍珠灰 薄荷蓝 巧克力,令,1450 ,A类,,
嘉兴自产型产品,寄风系列,单面,120,正/大度,590,超白色东莞基地批量备货，嘉兴基地也可定制,,,,,,,其它色/单面纹双色,令,1400 ,,,
,,,180,,835,,,,,,,,中国红/宙斯黑,令,1600 ,,,
,,,240,,1080,,,,,凯维斯      珠光充皮,120,莲珠/蜥蜴荔枝/丝趣,金色/银色,令,1700 ,,,
,,,300,,1325,,,,,,,,大红/金铜/宝蓝/紫红/棕桐/紫罗兰,令,1650 ,,,
,,,350,,1530,,,,,凯维斯       UV高亮,130,正度,红色 深蓝 白色 黑色,令,3050 ,,,
,,,400,,1735,,,,,,,,双色,令,3375 ,,,
,,双面,120,,640,,,9,纯粹牌,万象丹荔一号,115g,正度,棕黄/棕红/棕色/天蓝,令,1450 ,1、东莞工厂备货（正度）；,,
,,,180,,885,,,,,,,,琥珀/鲜红/深咖啡,令,1550 ,2、定抄，单色3T起，货期15~30天；,,
,,,240,,1130,,,,,万象丹荔二号,115g,正度,超白/天蓝/浅灰/棕黄/棕红/棕色,令,1450 ,,,
,,,300,,1375,,,,,,,,果绿 鲜红 深咖啡 琥珀 铬黄,令,1550 ,,,
,,,350,,1580,,,,,万象丹荔三号,115g,正度,纯白  沙棕  冷灰,令,1450 ,,,
,,,400,,1785,,,,,,,,鲜红 深咖啡 琥珀,令,1550 ,,,
,"风行彩卡
（DG平面）",含黑色/鲜红,110-350,正/大度,11500/吨,压纹单面加2毛，双面加3毛,,,,万象画布纸,116,正度,超白/米黄/蛋壳黄,令,1000 ,1、东莞工厂备货（正度）；,,
,,,110,,544 ,,,,,,148,,,令,1300 ,,,
,,,120,,593 ,,,,,,209,,,令,1850 ,2、涉及贸易拆货时价格另外核算,,
,,,150,,741 ,,,,,,116,,大红/深蓝/金黄/灰色,令,1050 ,,,
,,,230,,1137 ,,,,,,148,,,令,1350 ,3、定抄，单色3T起,,
,,,250,,1235 ,,,,,,209,,,令,1900 ,,,
,,,300,,1483 ,,,新,,万象蝶变纹,100,正度,风信紫,令,1725 ,,,
,,,350,,1730 ,,,10,,万象皮纹纸,120g,正度,本质皮纹 7色,令,1400 ,S类,,
,风行彩卡   （JX平面）,黑色/红色,110-150,正/大度,10800/吨,嘉兴仓备货：正度，大度，787和889门幅卷；,,,,,130g,,充皮皮纹 / 亮光7色,令,1975 ,,,
,,,200-400,,10600/吨,,,,,万象麦穗纸,115g,正度,银白、嫩黄、鹅黄、浅灰、棕色,令,1175 ,,,
,,酒红、墨绿、烟灰、深兰、深咖啡（鲜红除外）,110-150,,11000/吨,,,,,,,,鲜红,,1325 ,,,
,,,200-400,,10800/吨,,,,,蚕丝,1.08*100米,,金黄/紫罗兰/太空银/宝蓝/森绿/棕桐,米,15.65 ,按需调拨，定色1000米起订,,
,"风行本质
（单面纹）",所有色（常备：莱妮纹）,110,正/大度,625 ,莱妮|雅莲纹|自在|中条|陨石|细条；,,,,万象创意纸,120g,正度,"共14色,其中深桔黄/石榴红/海藻红3吨起订",令,1350 ,1、东莞工厂备货；2、卷筒有货时，特规起订数量2000平方米（尾数误差±20张以内），不足起订数量，加收开机费200元。,,
,,,120,,675 ,常备正度，大度属于定制,,12~16   纯粹牌,,牛津书皮纸,120g,正度,平面/编织/麻布/菱星/新禾/细格/云宣/壁珠/经纬纹,令,1400 ,A类,,
,,,150,,800 ,莱妮纹为备货产品，常备正度，大度属于定制,,18~29,纯粹,灵感本质,120,正度,平面及单面纹/所有色,令,1150 ,A类,,
,,,200,,1050 ,300g颜色：雪白|大红|深咖啡|墨绿|绅士蓝|深蓝|黑色,,,,灵感珠光,130,正度,,令,1450 ,,,
,,,230,,1200 ,1、150g及以下，起订数量为3000㎡（成品误差数±20张以内），以实际产出数量结算货款；不足加开机费150,,,,灵感充皮,130,正度,,令,1550 ,,,
,,,250,,1300 ,,,31,凝灿,雅花/珠白,128,正度,平面,令,700 ,B类,,
,,,300,,1500 ,2、200g及以上，正大度规格起订数量为500张，不足加收开机费100元；,,,,,,,压纹,令,800 ,,,
,,,350,,1750 ,,,32~36,凝灿牌,星萃单面,110克单面,正度,冰白/米白/超白,令,800 ,A类,,
嘉兴贸易产品,顶级/嘉兴,幼纹,120-350,正/大度,11500/吨,样册标准产品，适量库存，非样册标准纹路，3000张起订，低于3000张，开机费300-500元,,,,,130克平面/单面纹,,冰白/金黄,令,900 ,,,
,,,120,,593 ,,,,,,,,超白/米白/米金/太空银/粉红/白金/紫红/金黄,令,925 ,,,
,,,170,,840 ,,,,,,,,其余色,令,1000 ,,,
,,,250,,1235 ,,,37,凝灿牌,星采,120克单面,正度,超白/白色/珠色/银色/太空银/浅紫/粉红/白金/米金/黄金/浅蓝/黑色（白底）,令,850 ,B类,,
,,,300,,1483 ,,,,,,,,深色：古铜/紫红/深紫/蓝色/深绿/深棕/银碳/玫红/海蓝/紫铜/葡萄红,令,900 ,,,
,,,350,,1730 ,,,,,,,,黑银/红银/红金/黑金,令,925 ,,,
,,单面纹,120,正/大度,695 ,,,38,,瑰丽系列,120,正度,浅色,令,950 ,东莞基地定制产品，原纸常备卷筒，支持特规特定,,
,,,170,,940 ,,,,,,,,深棕/宝蓝/金棕/紫铜,令,1050 ,,,
,,,250,,1335 ,,,39~41,,魅力系列,120,浅色,冰白,令,800 ,,,
,,,300,,1585 ,,,,,,,主色,白金|星翠|米金|粉红|天蓝|太空银|金黄|米白|米黄|珠白||白色|黑色|超白/荧粉蓝,令,850 ,,,
,,,350,,1830 ,,,,,,,深色白底,古铜/紫红/香槟/棕铜/宝蓝/紫色/银碳,令,900 ,,,
,,双面纹,120,,745 ,,,,,,,其它,幻金/黑金/复色/红银,令,1000 ,,,
,,,170,,990 ,,,41~47,翼羽牌,"亮丽充皮
（高亮系列）",120g,黑色,细格/荔枝/蜥蜴/莲珠/鳄鱼纹/充皮纹,令,1100 ,东莞基地定制产品，原纸常备卷筒，支持特规特定,,
,,,250,,1385 ,,,,,,,其它单色,,令,1150 ,,,
,,,300,,1635 ,,,,,,,双色,,令,1200 ,,,
,,,350,,1880 ,,,,,亮丽充皮,120,黑色,"其中蜥蜴/藤条/鳄鱼/兰叶/云盾/莲珠/莱特纹/小皮纹3令起订,其余纹路不限",令,800 ,东莞基地批量备货，可特规特定,,
,利德超滑卡,,250-350,,9000/吨,清库存产品,,,,,,其它单色,,令,875 ,,,
,锐丽白卡,雪白,100－250,正/大度,9500/吨,非库存货品订货前先询价,,,,,,双色,,令,950 ,,,
,,,100,,408 ,,,,,亮丽卡,230,大红/黑色,平面/单面纹,令,1600 ,东莞基地定制产品，原纸常备卷筒，支持特规特定,,
,,,110,,449 ,,,,,,250,,,令,1700 ,,,
,,,140,,572 ,,,,,,300,,,令,1950 ,,,
,,,180,,735 ,,,,,,350,,,令,2200 ,,,
,,,230,,939 ,,,49~52,◇PVC充皮纸系列,金属PVC,A/G系列,1.08×50m,金属PVC,米,9.30 ,,,
,,,250,,1021 ,,,,,PVC,TC系列,1.08×50m,绒感/触感/皮感平面,米,12.60 ,,,
,,,300-400,正/大度,10000/吨,,,,,,FC系列,1.08×50m,绒感/触感/皮感平面,米,10.00 ,,,
,,,300,,1290,,,,,珠光PVC,T/F/JM系列,1.08×50m,珠光PVC,米,7.80 ,,,
,,,350,,1505,,,,,双色系列,DP/CA系列,1.08×50m,双色PVC,米,7.00 ,,,
,,,400,,1720,,,,,单色系列,D系列,1.08×50m,单色PVC,米,6.40 ,,,
,中性滑面,平面（超白/本白),120－400,正/大度,9200/吨,1、东莞大批量备货，嘉兴仓适量备货；,,,,亮面PVC,D7×××,0.787*100,针孔纹,米,9.60 ,,,
,,,120,,474,2、有卷筒存货时，分切特规，1300㎡起订（误差数±20张以内），不足收开机费200元,,53,装帧布,天然丝,,1.42*100米,深红/深蓝/金黄/金棕/金米,米,10.50 ,非备货产品,,
,,,180,,712,,,,,东洋细布,,1.08*100米,深咖啡/深蓝/酒红/灰色/大红,米,20.50 ,按需调拨，货期5~10天,,
,,,240,,949,,,,,天然麻布,,1.2*100米,白色/灰色/深棕/米色,米,25.00 ,定色：1000-1500米起，以实际颜色评估,,
,,,300,,1186,纸机幅宽区间（1575-1760）mm,,,工艺纸,手造纸,,1100*800,80-CSP005,令,2200 ,,,
,,,350,,1384,简单四色印刷，黑点不在投诉范围内,,,,,,,100-CSP005 / 100-CSP011,令,2515 ,,,
,,,400,,1581,,,,,,,640*940,HM-001/002/003,令,3890 ,,,
,臻品雅质,本白/平面,70－120,正/大度,9300/吨,1、东莞大批量备货，嘉兴仓适量备货；,,,,,,正度,KDP775-07红色,令,2965 ,,,
,,,70,,280,,,,,,,正度,KDP775-10黑色,令,2965 ,,,
,,,80,,320,2、有卷筒存货时，分切特规，2500㎡起订（误差数±20张以内），不足收开机费200元,,,,,,正度,LJ-018 沙银B,令,6270 ,,,
,,,100,,400,,,,,,,正度,LJ-021古铜,令,4340 ,,,
,,,120,,480,纸机幅宽区间（2300-2400）mm,,54~55,金银花纹纸,,125,正度,金/银  纹面,令,,按单核价,,
,臻品纯质,无涂内文/本白,65/75/95,,9500/吨,售完停产,,,,,128,,金/银  平面,令,,,,
,嵩厚纸(嘉兴),本白,170-270,正/大度,9500/吨,1、嘉兴仓备货：正度，大度，787和889门幅卷,,,,,128,,膜拉丝/哑膜(外购),令,,,,
,,,170,,694,,,,,,128,,素面镭射（外购）,令,,,,
,,,190,,776,2、特规分切，单一幅宽起定数量2500㎡（成品误差数±100张以内），以实际产出数量结算货款,,,钻石彩卡-酷黑,,110-400,正度,黑色,吨,14000/吨,东莞备货，2500张起切，不足200开机费,,
,,,220,,898,,,56,哑光黑卡,,110单面,正/大度,哑光单面,令,975 ,东莞基地定制产品，原纸常备卷筒，支持特规特定,,
,,,240,,980,,,,,,250单面,,,令,1550 ,,,
,,,270,,1102,3、不足起定数量，加收开机费150元,,,,,300单面,,,令,1900 ,,,
,,,285,,1164,,,,,,350单面,,,令,2150 ,,,
,新风尚,超白/本白,100-400,正/大度,12500/吨,1、东莞批量备货，嘉兴仓适量备货；,,,,,150,,新,令,1525 ,,,
,,,100,,516 ,,,,,,180,,,令,1600 ,,,
,,,120,,619 ,2、有卷筒存货时，分切特规，1300㎡起订（误差数±20张以内），不足收开机费200元,,,,,200,,,令,1750 ,,,
,,,150,,774 ,,,,,,230,,,令,1900 ,,,
,,,200,,1031 ,,,,,,250,,,令,2000 ,,,
,,,240,,1238 ,,,,,,300,,,令,2300 ,,,
,,,300,,1547 ,造纸幅宽（1680~1850）mm,,,,,350,,,令,2550 ,,,
,,,350,,1805 ,,,,,,400,,,令,2800 ,,,
,,,400,,2063 ,,,,,,450,,,令,3100 ,,,
东莞重点产品,星采丽印   （快干）DG,单面/冰白,120,正/大度,675,正、大度备货,,,纯黑卡,,110-150,正/大度,黑色,令,11000/吨,1、东莞大批量备货，造纸幅宽（2460~2780)mm,,
,,,350,,1600,,,,,,200-500,,,吨,10500/吨,2、分切特规2500㎡起订不足开机费200元,,
,,双面/冰白,120,,775,特规分切2500㎡起，不足收开机费300，误差数±100张以内,,,高磅黑卡,,600-1200,正度,外购,吨,10500/吨,非备货产品，货期2-3天,,
,,,150,,875,,,新增,双面环保黑卡,,110-150,正/大度,,吨,10200/吨,1、东莞批量备货，可定制FSC Recycled 100%,,
,,,200,,1050,,,,,,180-350,,,吨,9700/吨,2、切特规2500㎡起订，不足收开机费200元,,
,,,250,,1250,,,,嵩厚黑卡,,100-160,正/大度,,吨,13600,,,
,,,300,,1550,,,,,,170-350,,,吨,13000,,,
,,,350,,1750,,,,,,110,,P155,令,644,非备货产品,,
,新星萃平面(单面珠光),超白/冰白,110,正度,825 ,特规分切2500㎡起，不足收开机费300，误差数±100张以内,,,,,130,,P185,令,758,,,
,,,130,,900 ,,,,,,150,,P215,令,877,按需调拨，货期5~10天,,
,,,240,,1450 ,,,,,,200,,P310,令,1113,,,
,,,300,,1800 ,,,,,,250,,P380,令,1389,,,
,,,350,,2050 ,,,,,,300,,P430,令,1670,,,
,"新星萃平面     
(双面珠光)",,120,,1000 ,,,58,永萃牌,染色坑纸,120g*2,正度     华东外购,牛皮底纸,令,,非库存产品下单前先询价,,
,,,140,,1150 ,,,,,原色坑纸,100g*2,,白色,令,1350 ,,,
,,,200,,1450 ,,,,,,110g*2,,黑色,令,1600 ,,,
,,,250,,1700 ,,,,,三层平面坑,100g*3,,特白,令,1500 ,,,
,,,270,,1800 ,,,,,,120g*3,,特白,令,1625 ,,,
,,,320,,2050 ,,,,,,,,纯黑,令,1925 ,,,
新品,新星萃超级印,超白/冰白/米金（单面）,135,正度,950 ,推广产品，备纸样，大货需定制,,,,,,,,,,,,
,,,350,,2250 ,,,注:,1、大度价格为正度价格*1.24,,,,,,,,,
东莞新品,灵感本质    中国红JX,本质平面,110,正/大度,800 ,1、嘉兴仓备货，正度和787门幅卷筒，个别克重有889门幅卷；,,2024杭州悦声包装纸综合价格表,,,,,,,,,,
,,,120,,900 ,,,,,,,,,,,,,
,,,160,,1200 ,,,,品牌,品种,克重,规格,颜色/纹路,单位,批发价,备注,,
,,,200,,1500 ,2、特规分切，单一幅宽起定数量2500㎡（成品误差数±20张以内），以实际产出数量结算货款,,嘉兴10月新品,凤歌环保,,150,正度,高亮充皮,令,3950,充皮纹/细格纹,,
,,,230,,1700 ,,,,,,150,,哑光充皮,令,3800,羊皮/淮枝,,
,,,300,,2200 ,3、不足起定数量，加收开机费150元。,,,,,150,,金属充皮,令,3450,峰窜/流沙,,
,,本质单面纹,110,正/大度,900 ,属于定制产品，正度3000张或者787门幅不少于2500㎡，不足起订数量，加收开机费300元，成品误差数±20张以内,,,,,柔性定制，适量库存，非样板标准产品，整卷起订约6000张。不足收开机费1500-2500元,,,,,,,
,,,120,,1000 ,,,,风行触感耐刮型,,120,正度,黑色/单面,令,1300,柔性定制，适量库存，非样板标准产品，整卷起订约6000张。不足收开机费1000-1500元,,
,,,160,,1300 ,,,,,,200,,,令,1675,,,
,,,200,,1600 ,需套齿轮+发热管纹路开机费600元，纹路有：编织纹 壁珠纹  麻布纹 新禾纹 菱星纹 云宣纹 莱特纹 竹织纹细格纹 经纬纹,,,,,250,,,令,1900,,,
,,,230,,1800 ,,,,,,300,,,令,2250,,,
,,,300,,2300 ,,,,,,350,,,令,2350,,,
,,金砂,120 ,,1200,,,,,,120,,红色/单面,令,1350,,,
,,,160 ,,1500,,,,,,200,,,令,1725,,,
,,银砂,120 ,,1100,,,,,,250,,,令,1950,,,
,,,160 ,,1400,,,,,,300,,,令,2300,,,
,灵感本质冷灰,本质平面,120 ,正/大度,1100 ,东莞工厂备：正度平面，特规最少起订数量787门幅不少于1300平方米，不足起订数量，加收开机费300元，成品误差数±20张以内,,,,,350,,,令,2400,,,
,,,150 ,,1350 ,,,嘉兴新品,"新风行金属
（单面）",,135g,正度,冰晶白、晨粉金、玫瑰金、古典金、香槟金、青石金、炫金、太阳金、冰川银、冰晶蓝、梦幻紫、尚品紫、沉稳灰,令,1300,,,
,,,230 ,,1950 ,,,,,,,,紫铜金、中国红、烈焰红、红荔红、莱姆绿、翡翠绿、墨青绿、松石绿、晶钻蓝、星空蓝、、银碳色、金棕色、橡木棕、摩卡棕、石砚黑,令,1400,,,
,,,260 ,,2200 ,,,,,,160g,,太阳金、古典金、香槟金、星空蓝、摩卡棕,令,1450,,,
,灵感美砂,"卡萨红 玄雅黑 可可棕 
森林绿 文雅蓝",130单面,正度,2300,东莞基地定制产品,,,,,230g,,,令,1800,,,
,,"雪山白 复古灰 金盏黄
宝丽咖 晴空蓝 丁香紫                    月牙米",,,2100,,,,,风云触感/外购,120,正度,黑色/红色(平面）,令,950,嘉兴适量备货,,
,,雪山白,200,,4000,,,,,风云流霞,120,,天蓝/粉红/桔黄,令,1100,,,
,,卡萨红,230,,5200,,,,,,120,,鲜红/酒红/深蓝,令,1150,,,
,,玄雅黑,250,,5450,,,,,万象流金,130单面,正度,平面（20个色）,令,1450,艾利丝、平面，嘉兴备正度规格，大度属于定制，起订数量不少于5000㎡,,
,,雪山白,330,,5050,,,,,,,,纹面（艾利丝）,令,1500,,,
,,玄雅黑,,,6100,,,,,,200-P30,,平面/纹路,令,1800,,,
,灵感银河,星空黑 都市红,130单面,,2000,,,,,,130单面,,魅力红,令,1600,,,
,顶级滑面/华南,超白/本白,120-400,正/大度,12500/吨,东莞备货，分切2000张起，不足开机费200,,东莞新品,万象牌,踏雪,120,正度,冰川绿、初雪白、甜心粉、极光紫、清新黄、柏香棕,令,1550,东莞仓适量备货,,
东莞新品,棉雪,单面纹,120,正/大度,774,非备货产品,,,,玉沙,120,,沙尘灰、松叶绿、深冬灰、珊瑚粉、郁金紫、麦茶黄、圣洁白、贝壳米,令,1550,,,
,,,135,,863,,,,,万象兰迪,130,正度,"平面,20色",令,1425,东莞基地定制产品，不常备原纸,,
,,,190,,1178,卷筒压纹6令（2500㎡）起，平张（135g以上）压纹3令起，误差数±20张以内，不足收开机费300,,,,万象魅影,130,正度,"平面,12色",令,1800,东莞基地适量备货，不支持特规,,
,,,250,,1520,,,,,风云触感（DG）,130,正度,滑系列/红色,令,1100,,,
,,,300,,1809,,,,,,130,,滑系列/黑色,令,1050,,,
,,,350,,2093,,,,,,130,正度,绒系列/红色,令,1350,,,
,,,400,,2382,,,,,,130,,绒系列/黑色,令,1200,,,
,,双面纹,120,,869,,,,凝灿牌,"流金溢彩
单面纹",130,正度,7色,令,1600,东莞基地定制产品，原纸常备卷筒，支持特规特定,,
,,,135,,953,,,,,,130,,沸点红/优雅米/贵族蓝/银河灰/孔雀蓝,令,1700,,,
,,,190,,1273,,,,,,130,,甜蜜桔/巴黎绿/经典红,令,1875,,,
,,,250,,1620,,,嘉兴生产产品,翼羽牌,彩域系列,120,正度,其它色,令,800,,,
,,,300,,1909,,,,,,120,,舒适蓝、坚毅棕、谦和灰,令,900,,,
,,,350,,2198,,,,,出色充皮,130,正度,高亮,令,1625,,,
,,,400,,2487,,,,,,130,,哑光,令,1925,,,
,永萃丝滑,本色,70-100,正度,8600/吨,,,,风行系列,风行珠光   手袋专用,200,正度,白色,令,1175 ,,,
,,,70,,260 ,,,,,,200,,彩色,令,1200 ,,,
,,,80,,295 ,,,,,风行珠光,110,,冰白,令,600,柔性定制产品，适量备纸样，非标准产品，整卷6000张起订，低于6000张，开机费600-1000元,,
,,,100,,370 ,,,,,,130,,冰白,令,650,,,
1,棉纸 100%全棉,白色,110-300,正度    635*889,36800/吨,1、东莞工厂备货，嘉兴仓适量备货；,,,,,130,,金黄,令,725,,,
,,,110,,1740 ,2、定抄其它颜色：10吨起；顺抄时定制其它克重5吨起；货期：25~30天,,,,,120,,主色,令,750,,,
,,,220,,3480 ,,,,,,,,深色,令,800,,,
,,,250,,3955 ,抄造幅宽区间（1524~1575）和（1575~1760）mm,,,,,,,特殊色,令,850,,,
,,,300,,4745 ,,,,,,130,,定制浅色,令,825,,,
,印象环保(本质),本白/奶黄,104-352,正度  635*889,16500/吨,1、东莞大批量备货，嘉兴仓根据市场需求做部分克重备货；,,,,,,,定制深色,令,875,,,
,,,104,,737 ,,,,,,250,,冰白,令,1325 ,,,
,,,148,,1049 ,2、有卷筒分切特规时，最少起订量2000平方米（误差数20张以内），不足须加收开机费200元，货期4-7天,,,,,300,,,令,1625 ,,,
,,,216,,1532 ,,,,,风行充皮,120,正度,黑色,令,750,常备：平面/丝趣/细格/云盾/充皮/莱妮/美梨,,
,,,252,,1787 ,3、定抄其它颜色：10吨起；顺抄时定制其它克重5吨起；货期：25~30天,,,,,,,其它色,令,800,,,
,,,298,,2113 ,,,,,,,,双色,令,900,,,
,,,352,正度,2496 ,1760纸机（1574-1820MM范围）,,,,"风行充皮
高亮/哑光",120,,黑色,令,1025,柔性定制产品，适量备纸样，非标准产品，整卷6000张起订，低于6000张，开机费600-1000元,,
,印象环保(高感),本白/奶黄,126,正/大度,1200 ,有原纸就接单生产，单独上机238g3吨，126g40令，顺带生产至少整卷做货。,,,,,,,其它色,令,1050,,,
,,,238,,2300 ,,,,,"风行充皮
高克重",230g,,黑色/大红（平面/单面纹）,令,1700 ,,,
,印象环保(珠光),本白/奶黄,116,正度,1685 ,"特规、特定单独开机,200g以下3吨，200g以上40令",,,,,250g,,,令,1850 ,,,
,,,228,,2725 ,,,,,,300g,,,令,2125 ,,,
,印象环保再生,平面/环保白,118g-352g,正度,16800/吨,1、东莞主要备货，嘉兴仓适量备货；,,,,,350g,,,令,2400 ,,,
,,,118,,852 ,2、定抄其它颜色：15吨起；顺抄时定制其它克重5吨起；货期：25~30天,,,,风行触感,120克/平面单面,正度,黑色,令,1250 ,,,
,,,216,,1559 ,,,,,,,,红色/桔红/金黄/雪白/白色,令,1350 ,,,
,,,252,,1819 ,3、用后废料（Post-consumer waste),,,,,,,其它深色,令,1400 ,,,
,,,298,,2151 ,,,,,,120克/纹面单面唯真/碎皮/雅丽,,黑色,令,1400 ,,,
,,,352,,2541 ,,,,,,,,红色,令,1450 ,,,
2,思域博瑞,雪白/ 白色 /米黄,140-350,正/大度,20000/吨,S,,,,,,,其它色,令,1500 ,,,
,,,140,,1328,,,,,,150,,黑色/单面,令,1500 ,,,
,,,200,,1896,,,,,,250,,,令,2000,,,
,,,250,,2372,,,,,,300,,,令,2250,,,
,,,300,,2844,,,,,,350,,,令,2525,,,
,,,350,,3320,,,,,,400,,,令,2800,,,
,思域博瑞珠光,白色/雪白,170,正度,2750 ,,,,,,260,,黑色/双面,令,2750,,,
,,,280,,4100 ,,,,,,150,,红色/单面,令,1500,,,
,思域博瑞超感,,170,,1775 ,,,,,,250,,,令,2025,,,
,,,280,,2900 ,,,,,,300,,,令,2300,,,
,"金梧桐
超级毯纹",超白/珠白,200-300,正度   635*889,20000/吨,,,,,,350,,,令,2575,,,
,,,200,,1719,,,,,,260,,红色/双面,令,2950,,,
,,,260,,2235,,,,,,250g单面,,其它色,令,2225,,,
,,,300,,2578,,,,,,260g双面,,,令,3000,,,
,金梧桐超级毯纹（含40%棉）,超白,120-350,正度,20000/吨,,,,,,300g单面,,,令,2575,,,
3,柔美超滑,超白/象牙/本白,,正/大度,14000/吨,1、东莞大批量备货，嘉兴仓适量备货；,,,,"风行触感
雅丽纹",P34,,"雅丽纹：桔红(红底）/夜蓝（黑底）/草绿（黑底）/沸红（黑底）
酷黑",令,1800,,,
,,,100,,602 ,,,,,,P43,,,令,2100,,,
,,,120,,722 ,,,,,"风行触感
雕金",160,正度,定制所有色,令,2200,单款颜色最少起订数量为正度或者大度6000张或者相应门幅的特规不少于5000㎡（误差数±100张以内），允许两个克重，单克重不能少于3000张或者2500㎡，以实际产出数量交付并结算货款。,,
,,,180,,1083 ,2、有卷筒存货时，分切特规时，最少起订量2000平方米（误差数±20张以内），不足须加收开机费200元，货期4-10天；,,,,,260,,,令,2900,,,
,,,220,,1324 ,,,,,,280,,,令,3000,,,
,,,240,,1444 ,,,,,"风行金属
 雕金",160,,,令,2325,,,
,,,315,,1895 ,,,,,,260,,,令,3025,,,
,,,350,,2106 ,,,,,,280,,,令,3100,,,
,,,400,正度,2407 ,,,,,"风行珠光
雕金",160,,,令,1900,,,
3,柔美滑面,超白/本白,,正/大度,14000/吨,3、接受克重定制，顺带抄造时10吨起订，误差数±0.5吨以内；,,,,,260,,,令,2600,,,
,,,100,,602 ,,,,,,280,,,令,2700,,,
,,,120,,722 ,,,1,意象牌,意象触感,130g单面,正度,黑色,令,2700 ,A类,,
,,,135,,812 ,4、可定制颜色，单次30吨，货期25~40天； 单次20吨，货期30~70天。,,,,,240g单面,,,令,3600 ,,,
,,,190,,1143 ,,,,,,300g单面,,,令,4250 ,,,
,,,250,,1504 ,,,,,,130g单面,,红色,令,2700 ,,,
,,,300,,1805 ,,,,,,240g单面,,,令,3650 ,,,
,,,350,,2106 ,1760纸机（1574-1820MM范围）,,,,,135g单面,,白色/象牙,令,2500 ,,,
,,,400,正度,2407 ,,,,,,260g双面,,,令,5250 ,,,
,柔美再生,纯白,150-300,正/大度,14500/吨,,,,,,330g双面,,,令,5850 ,,,
,柔美肤感再生,超白/本白,,,13500/吨,,,2,意象牌,锦絮飞扬,17001-P15,正度,超白/本白/金黄/灰色/深蓝/大红/深棕/深咖啡,令,1300 ,东莞基地定制产品,,
,柔美纯质再生,超白/本白,,,13500/吨,,,,,,17001-P24,,超白/本白,令,2100 ,,,
4,唯美纯质,超白/本白,115-350,正/大度,13000/吨,1、东莞/嘉兴仓超白色批量备货；,,,,,17001-P30,,,令,2600 ,,,
,,,115,,642 ,2、有卷筒存货时，分切特规，最少起订量2000平方米（误差数±20张以内），不足须加收开机费200元，货期3-8天,,,,锦絮炫彩,17002-P16,,超白/冰白/米白/白金(单面),令,2400 ,有原纸就接单生产，单独上机200g以下3吨，200g以上(含)40令，顺带生产至少整卷做货。,,
,,,170,,950 ,,,,,,17002-P18,,超白/冰白(双面),令,3200 ,,,
,,,220,,1229 ,,,,,,17001-P28,,,令,4125 ,,,
,,,250,,1397 ,,,,,,17001-P32,,,令,4700 ,,,
,,,300,,1676 ,3、本白色售完，最少起订数量单克重20吨,,,,锦絮丽画,17003-P18,,白色/米白,令,3100 ,,,
,,,350,,1955 ,,,3,,新凯维斯    触感平面,130g单面,,橙黄/蔚蓝/暮蓝/芽绿/米白/白色/东方白/冰川蓝,令,1450 ,,,
5,唯美         特级滑面纸,雪白/象牙,90-350,正/大度,13000/吨,1、东莞/嘉兴仓雪白色适量备货；,,,,,,,50个色,令,1650 ,备货产品：1、平面 60个色 正度规格； 2、唯真纹和雅丽纹2个颜色（黑色、红色）  正度规格；,,
,,,90,,503 ,,,,,,,,凝夜紫/风信紫,令,1750 ,,,
,,,100,,559 ,2、有卷筒存货时，分切特规，最少起订量2000平方米（误差数±20张以内），不足须加收开机费200元，货期3-8天,,,,,120g单面,,单面-黑平面,令,1350 ,,,
,,,120,,670 ,,,,,,130g单面,,,令,1400 ,,,
,,,150,,838 ,,,,,,150g单面,,,令,1550 ,,,
,,,180,,1006 ,,,,,,240g单面,,,令,1975 ,50个色包括：灰色 红色 正红 藏蓝 宝蓝 咖啡 墨绿 黑色 铅灰 深蓝 棕色 金黄 水蓝 桔红 浓酒红 紫砂棕 胡桃棕 牡丹粉 豆沙粉 香妃粉 荷花粉 缃叶黄 樱草黄 云烟紫   青石灰 青铜绿 织锦灰 光影灰 摩卡灰 寒泉灰 明月黄 凤梨黄 密驼棕 烟叶棕 木姜黄 朱砂红 热带橙 胭脂红 圣女红 晴海绿 松石蓝 青竹绿中国绿 孔雀绿 景泰蓝 暮山紫   长春紫 水墨蓝 黑橡粽 千岁绿,,
,,,230,,1285 ,3、售价较低涉及从东莞调拨时，价格需上调500元/吨,,,,,300g单面,,,令,2350 ,,,
,,,250,,1397 ,,,,,,350g单面,,,令,2625 ,,,
,,,280,,1564 ,,,,,,250g双面,,双面-黑平面,令,2650 ,,,
,,,300,,1676 ,4、象牙色售完，50吨起订（单克重不能少于15吨），25~40天,,,,,330g双面,,,令,3050 ,,,
,,,330,,1844 ,,,,,,120g单面,,单面—红平面,令,1450 ,,,
,,,350,,1955 ,,,,,,130g单面,,,令,1500 ,,,
5,臻品上质,高白/浅米/雪白,80-350,正/大度,10500/吨,1、东莞批量备货，嘉兴仓适量备货；,,,,,150g单面,,,令,1700 ,,,
,,,80,,361 ,,,,,,240g单面,,,令,2300 ,,,
,,,100,,451 ,2、有卷筒存货时，分切特规，1300㎡起订（误差数±20张以内），不足收开机费200,,,,,300g单面,,,令,2750 ,,,
,,,120,,541 ,,,,,,250g双面,,双面—红平面,令,3050 ,,,
,,,150,,677 ,,,,,琅彩,130g单面,正度,绿幻 赤幻,令,2800 ,东莞基地定制产品，原纸常备卷筒，支持特规特定,,
,,,180,,812 ,,,,,,,,蓝幻 紫幻 黑幻 棕幻,令,2600 ,,,
,,,220,,993 ,造纸幅宽区间（2460—2600）mm,,,,,,,金幻 银幻 玫瑰金 香槟金,令,2500 ,,,
,,,240,,1083 ,,,,,,250g双面,,蓝幻/黑幻/紫幻,令,5200 ,,,
,,,300,,1354 ,,,,,,,,绿幻,令,5600 ,,,
,,,350,,1579 ,,,,,,350g单面,,蓝幻/紫幻,令,5000 ,,,
5,晶丽超滑,超白,120-350,正/大度,12300/吨,,,4,凤歌牌,凤歌充皮01-A130（红宝石亮面）,130g,0.79*100,丹荔/斜格   大红,米,7.50 ,定制产品，原纸不常备，接单详询计划部,,
6,素描纸,本白/超白,100-190,正度,13800/吨,A,,,,,,0.79*100,丹荔/斜格   黑色,米,6.30 ,,,
,,,160,,950 ,,,,,凤歌充皮02-B130(哑面）,130g,0.79*100,碎皮/丹荔,米,8.30 ,,,
,,,180,,1070 ,,,,,凤歌充皮05-E140（红宝石PU充皮）,140g,正度,平面（单面）,令,4450 ,,,
,永萃水彩   (条纹),本白,200-300,,15500/吨,,,,,,300g,正度,,令,6450 ,,,
,,,200,正度,1330,,,5~6,凤歌牌,红宝石      金属充皮,140,0.8*100m,鸟巢/丝趣/云盾/细格  6色,米,7.60 ,,,
,,,300,,1995,,,,,,140,正度,,令,4000 ,,,
,全棉浆水彩   (毯纹),,190g,930*1180,7250 ,,,,,红宝石     珠光充皮,140,,唯真纹/蜂窝纹,令,4000,,,
,,,190g,640*1180,5000 ,,,,,红宝石     皮感充皮,140g,,纳柏纹:灰色/深棕/蓝色/浅棕/桔红/棕色,令,4000,,,
,,,300g,930*1180,11450 ,,,,,红宝石     高亮充皮,140正度,,单色,令,3750 ,,,
,,,300g,640*1180,7875 ,,,,,,,,双色,令,3950 ,,,
,全木浆水彩   (粗毯纹),,200g,930*1180,2445 ,,,6、8,凤歌牌凯维斯系列,新凯维斯       金属,130,正度,魔丽红 紫砂红 中国蓝 电光蓝 繁星棕 冷翡翠 粟金棕 珍珠灰 薄荷蓝 巧克力,令,1450 ,A类,,
,,,200g,640*1180,1685 ,,,,,,,,其它色/单面纹双色,令,1400 ,,,
,,,300g,930*1180,3670 ,,,,,,,,中国红/宙斯黑,令,1600 ,,,
,,,300g,640*1180,2525 ,,,,,凯维斯      珠光充皮,120,莲珠/蜥蜴荔枝/丝趣,金色/银色,令,1700 ,,,
,全木浆水彩纸   (书画纹),,200-300,正度,18000/吨,,,,,,,,大红/金铜/宝蓝/紫红/棕桐/紫罗兰,令,1650 ,,,
,,,200,,1250 ,,,,,凯维斯       UV高亮,130,正度,红色 深蓝 白色 黑色,令,3050 ,,,
,,,300,,1550 ,,,,,,,,双色,令,3375 ,,,
,混合画纸   (滑面),本白,190g,正度,1600 ,1,,9,纯粹牌,万象丹荔一号,115g,正度,棕黄/棕红/棕色/天蓝,令,1450 ,1、东莞工厂备货（正度）；,,
,,,300g,,2525 ,,,,,,,,琥珀/鲜红/深咖啡,令,1550 ,2、定抄，单色3T起，货期15~30天；,,
7/11,风信子单面纹,莱妮纹,120,正/大度,800 ,该系列产品首先参照：颜色及克重按风信子专版样册,,,,万象丹荔二号,115g,正度,超白/天蓝/浅灰/棕黄/棕红/棕色,令,1450 ,,,
,,中条纹,135,,900 ,,,,,,,,果绿 鲜红 深咖啡 琥珀 铬黄,令,1550 ,,,
,,细条纹,180,,1200 ,样册里的：典雅纹|毯纹|细布纹|细纹|竹丝纹|水神纹，雅感纹|莱妮纹|毡纹|自在纹|雪面纹|创意纹|中条纹|细条纹|金字塔|荷兰布纹|丝趣纹|雅莲布纹      正度 备货,,,,万象丹荔三号,115g,正度,纯白  沙棕  冷灰,令,1450 ,,,
,,金字塔,180浅灰米黄,,1450 ,,,,,,,,鲜红 深咖啡 琥珀,令,1550 ,,,
,,水神纹,240,,1550 ,,,,,万象画布纸,116,正度,超白/米黄/蛋壳黄,令,1000 ,1、东莞工厂备货（正度）；,,
,,创意纹,240浅灰米黄,,1950 ,,,,,,148,,,令,1300 ,,,
,,荷兰布纹,300,,1850 ,特定、特规卷筒压纹6令起，误差数±20张以内，平张（135g以上）压纹3令起，不足收开机费300,,,,,209,,,令,1850 ,2、涉及贸易拆货时价格另外核算,,
,,竹丝纹,315,,1950 ,,,,,,116,,大红/深蓝/金黄/灰色,令,1050 ,,,
,,自在纹,350,,2150 ,,,,,,148,,,令,1350 ,3、定抄，单色3T起,,
,,,400,,2450 ,,,,,,209,,,令,1900 ,,,
7/11,风信子双面纹,,120,正/大度,900 ,,,新,,万象蝶变纹,100,正度,风信紫,令,1725 ,,,
,,毯纹,135,,1000 ,,,10,,万象皮纹纸,120g,正度,本质皮纹 7色,令,1400 ,S类,,
,,典雅纹,180,,1300 ,,,,,,130g,,充皮皮纹 / 亮光7色,令,1975 ,,,
,,细  纹,180浅灰米黄,,1550 ,,,,,万象麦穗纸,115g,正度,银白、嫩黄、鹅黄、浅灰、棕色,令,1175 ,,,
,,雪面纹,240,,1650 ,,,,,,,,鲜红,,1325 ,,,
,,雅感纹,240浅灰米黄,,2050 ,,,,,蚕丝,1.08*100米,,金黄/紫罗兰/太空银/宝蓝/森绿/棕桐,米,15.65 ,按需调拨，定色1000米起订,,
,,毡纹,300,,1950 ,,,,,万象创意纸,120g,正度,"共14色,其中深桔黄/石榴红/海藻红3吨起订",令,1350 ,1、东莞工厂备货；2、卷筒有货时，特规起订数量2000平方米（尾数误差±20张以内），不足起订数量，加收开机费200元。,,
,,丝趣纹,315,,2050 ,,,12~16   纯粹牌,,牛津书皮纸,120g,正度,平面/编织/麻布/菱星/新禾/细格/云宣/壁珠/经纬纹,令,1400 ,A类,,
,,细布纹,350,,2250 ,,,18~29,纯粹,灵感本质,120,正度,平面及单面纹/所有色,令,1150 ,A类,,
,,,400,,2550 ,,,,,灵感珠光,130,正度,,令,1450 ,,,
12,"金梧桐
水纹纸",超白/浅黄/米黄,80,430*610,200 ,非常备产品，按需采购，2-3天,,,,灵感充皮,130,正度,,令,1550 ,,,
,,,100,正/大度,780 ,,,31,凝灿,雅花/珠白,128,正度,平面,令,700 ,B类,,
,,,120,,935 ,,,,,,,,压纹,令,800 ,,,
,,,170,,1325 ,,,32~36,凝灿牌,星萃单面,110克单面,正度,冰白/米白/超白,令,800 ,A类,,
,,,220,,2000 ,,,,,,130克平面/单面纹,,冰白/金黄,令,900 ,,,
,,,260,,2350 ,,,,,,,,超白/米白/米金/太空银/粉红/白金/紫红/金黄,令,925 ,,,
,,,300,,2725 ,,,,,,,,其余色,令,1000 ,,,
,超级水纹,超白/米黄/浅黄,80,正/大度,14500/吨,,,37,凝灿牌,星采,120克单面,正度,超白/白色/珠色/银色/太空银/浅紫/粉红/白金/米金/黄金/浅蓝/黑色（白底）,令,850 ,B类,,
,,,100,,,,,,,,,,深色：古铜/紫红/深紫/蓝色/深绿/深棕/银碳/玫红/海蓝/紫铜/葡萄红,令,900 ,,,
,,,120,,,,,,,,,,黑银/红银/红金/黑金,令,925 ,,,
15,摩登纸,7色,130单面,正度,2300 ,东莞基地适量备货，不支持特规分切,,38,,瑰丽系列,120,正度,浅色,令,950 ,东莞基地定制产品，原纸常备卷筒，支持特规特定,,
,,无瑕白,250双面,,4050 ,,,,,,,,深棕/宝蓝/金棕/紫铜,令,1050 ,,,
,,石砚黑,,,4350 ,,,39~41,,魅力系列,120,浅色,冰白,令,800 ,,,
,,宝石红,,,4650 ,,,,,,,主色,白金|星翠|米金|粉红|天蓝|太空银|金黄|米白|米黄|珠白||白色|黑色|超白/荧粉蓝,令,850 ,,,
,,珍珠白,270双面,,4900 ,,,,,,,深色白底,古铜/紫红/香槟/棕铜/宝蓝/紫色/银碳,令,900 ,,,
,,石砚黑/宝石红/摩卡棕/皇家蓝,,,5700 ,,,,,,,其它,幻金/黑金/复色/红银,令,1000 ,,,
15,梵净,平面,120-300,正度,21500/吨,定制产品,,41~47,翼羽牌,"亮丽充皮
（高亮系列）",120g,黑色,细格/荔枝/蜥蜴/莲珠/鳄鱼纹/充皮纹,令,1100 ,东莞基地定制产品，原纸常备卷筒，支持特规特定,,
17,"意象牌
超感纸",超白,120-320,正/大度,14000/吨,东莞基地定制产品,,,,,,其它单色,,令,1150 ,,,
,,,120,,722 ,,,,,,,双色,,令,1200 ,,,
,,,140,,842 ,,,,,亮丽充皮,120,黑色,"其中蜥蜴/藤条/鳄鱼/兰叶/云盾/莲珠/莱特纹/小皮纹3令起订,其余纹路不限",令,800 ,东莞基地批量备货，可特规特定,,
,,,170,,1023 ,,,,,,,其它单色,,令,875 ,,,
,,,220,,1324 ,,,,,,,双色,,令,950 ,,,
,,,260,,1564 ,,,,,亮丽卡,230,大红/黑色,平面/单面纹,令,1600 ,东莞基地定制产品，原纸常备卷筒，支持特规特定,,
,,,320,,1925 ,,,,,,250,,,令,1700 ,,,
,"中国元素
新锦帛",普白,100-120,正/大度,11000/吨,100/120克适量备货；80/150克为定制产品,,,,,300,,,令,1950 ,,,
,,,100,,475 ,,,,,,350,,,令,2200 ,,,
,,,120,,570 ,,,49~52,◇PVC充皮纸系列,金属PVC,A/G系列,1.08×50m,金属PVC,米,9.30 ,,,
,"中国元素
(仿宣)",普白,55,正/大度,475 ,,,,,PVC,TC系列,1.08×50m,绒感/触感/皮感平面,米,12.60 ,,,
,,,80,,690 ,,,,,,FC系列,1.08×50m,绒感/触感/皮感平面,米,10.00 ,,,
,,,110,,945 ,,,,,珠光PVC,T/F/JM系列,1.08×50m,珠光PVC,米,7.80 ,,,
,,,220,,2270 ,,,,,双色系列,DP/CA系列,1.08×50m,双色PVC,米,7.00 ,,,
,,,140涂布,,1500 ,,,,,单色系列,D系列,1.08×50m,单色PVC,米,6.40 ,,,
,尚品,超白/米白,135-320,正/大度,15500/吨,东莞基地定制产品,,,,亮面PVC,D7×××,0.787*100,针孔纹,米,9.60 ,,,
,,,135,,900 ,,,53,装帧布,天然丝,,1.42*100米,深红/深蓝/金黄/金棕/金米,米,10.50 ,非备货产品,,
,,,190,,1265 ,,,,,东洋细布,,1.08*100米,深咖啡/深蓝/酒红/灰色/大红,米,20.50 ,按需调拨，货期5~10天,,
,,,240,,1600 ,,,,,天然麻布,,1.2*100米,白色/灰色/深棕/米色,米,25.00 ,定色：1000-1500米起，以实际颜色评估,,
,,,320,,2135 ,,,,工艺纸,手造纸,,1100*800,80-CSP005,令,2200 ,,,
,,,380,,2535 ,,,,,,,,100-CSP005 / 100-CSP011,令,2515 ,,,
19,高级手袋用纸涂布白牛皮,超感,120-170,正/大度,12500 ,定制产品,,,,,,640*940,HM-001/002/003,令,3890 ,,,
,,珠光,130,,880 ,,,,,,,正度,KDP775-07红色,令,2965 ,,,
,,,190,,1185 ,,,,,,,正度,KDP775-10黑色,令,2965 ,,,
20,灵感莹采,单面,130g,正度,1300,"太阳金 沙茶金 雅典黄
金丝黄 亚丁绿 桃花粉
水银灰 欧曼金
金丝黄、亚丁绿、桃花粉
水银灰、欧曼金",,,,,,正度,LJ-018 沙银B,令,6270 ,,,
,,,130g,,1450,"玄武黑 炫丽橙 波尔红
尼罗蓝 伽罗棕 苏木紫
石墨灰 罗马灰",,,,,,正度,LJ-021古铜,令,4340 ,,,
,,,130g,,1550,"京紫红 乌雅紫 暗玉紫
芬兰绿 竹月蓝 云水蓝
道奇蓝 戈亚红",,54~55,金银花纹纸,,125,正度,金/银  纹面,令,,按单核价,,
,,,230g,,2300,"水银灰 玄武黑 炫丽橙
太阳金 尼罗蓝 欧曼",,,,,128,,金/银  平面,令,,,,
,,,230g,,2450,"戈亚红 暗玉紫
竹月蓝 云水",,,,,128,,膜拉丝/哑膜(外购),令,,,,
,,双面,140g,,1800,金黄 古铜 深棕 粉红 紫红 金棕 墨绿 幻蓝 银灰 米黄 戈亚红 暗玉紫 炫丽橙 云水蓝 玄武黑 水银,,,,,128,,素面镭射（外购）,令,,,,
,,,160g,,2050,戈亚红 水银灰 玄武黑 古铜 幻蓝 紫红,,,钻石彩卡-酷黑,,110-400,正度,黑色,吨,14000/吨,东莞备货，2500张起切，不足200开机费,,
,,,240g,,2675,戈亚红、暗玉紫、炫丽橙 云水蓝、水银灰、玄武黑,,56,哑光黑卡,,110单面,正/大度,哑光单面,令,975 ,东莞基地定制产品，原纸常备卷筒，支持特规特定,,
21,灵感莹采,白色/珠色,110g单面,正度,1550 ,S,,,,,250单面,,,令,1550 ,,,
,,,120,,2075 ,,,,,,300单面,,,令,1900 ,,,
,,,220,,3025 ,,,,,,350单面,,,令,2150 ,,,
,,,270,,3525 ,,,,,,150,,新,令,1525 ,,,
,数码珠光,超白/冰白,120g-250g,平面,29200/吨,售完定制，起订数量5吨,,,,,180,,,令,1600 ,,,
,,,120,,1580,,,,,,200,,,令,1750 ,,,
,,,120,,1060,,,,,,230,,,令,1900 ,,,
,,,250,,3295,,,,,,250,,,令,2000 ,,,
,,,250,,2200,,,,,,300,,,令,2300 ,,,
,数码滑面,,120-250,,16500/吨,,,,,,350,,,令,2550 ,,,
22,星幻炫白,平面,130单面,正度,1350 ,东莞基地产品，不备卷筒，不支持特规分切,,,,,400,,,令,2800 ,,,
,,,140双面,,1500 ,,,,,,450,,,令,3100 ,,,
,,,170双面,,1750 ,,,,纯黑卡,,110-150,正/大度,黑色,令,11000/吨,1、东莞大批量备货，造纸幅宽（2460~2780)mm,,
,,,270双面,,2400 ,,,,,,200-500,,,吨,10500/吨,2、分切特规2500㎡起订不足开机费200元,,
,,,320双面,,2750 ,,,,高磅黑卡,,600-1200,正度,外购,吨,10500/吨,非备货产品，货期2-3天,,
23,星烁珠光,冰白/超白,125,正/大度,1475 ,东莞仓适量备货,,新增,双面环保黑卡,,110-150,正/大度,,吨,10200/吨,1、东莞批量备货，可定制FSC Recycled 100%,,
,,,210,,2100 ,,,,,,180-350,,,吨,9700/吨,2、切特规2500㎡起订，不足收开机费200元,,
,,,250,,2575 ,,,,嵩厚黑卡,,100-160,正/大度,,吨,13600,,,
,,,315,,2975 ,,,,,,170-350,,,吨,13000,,,
,骊歌,缎白/珠色,120,正度,1550 ,东莞基地定制产品,,,,,110,,P155,令,644,非备货产品,,
,,,170,,2000 ,,,,,,130,,P185,令,758,,,
,,,200,,2200 ,,,,,,150,,P215,令,877,按需调拨，货期5~10天,,
,,,240,,2475 ,,,,,,200,,P310,令,1113,,,
,,,260,,2610 ,,,,,,250,,P380,令,1389,,,
,,,320,,3025 ,,,,,,300,,P430,令,1670,,,
24,星域平面,超白/米白/冰白/白金,120,正度,1450 ,东莞基地定制产品,,58,永萃牌,染色坑纸,120g*2,正度     华东外购,牛皮底纸,令,,非库存产品下单前先询价,,
,,,150,,1600 ,,,,,原色坑纸,100g*2,,白色,令,1350 ,,,
,,,200,,2100 ,,,,,,110g*2,,黑色,令,1600 ,,,
,,,260,,2450 ,,,,,三层平面坑,100g*3,,特白,令,1500 ,,,
,,,300,,2850 ,,,,,,120g*3,,特白,令,1625 ,,,
,"星域典雅
星域丝趣
星域雅丽
星域细纹
星域细布",超白/米白,120,正度,1650 ,,,,,,,,纯黑,令,1925 ,,,
,,,150,,1800 ,,,,,,,,,,,,,
,,,200,,2300 ,,,注:,1、大度价格为正度价格*1.24,,,,,,,,,
,,,260,,2650 ,,,2024杭州悦声包装纸综合价格表,,,,,,,,,,
,,,300,,3050 ,,,,,,,,,,,,,
25,傲宝(平面),超白/单面,110,正度,1300 ,东莞基地产品，不备卷筒，不支持特规分切,,,品牌,品种,克重,规格,颜色/纹路,单位,批发价,备注,,
,,,130,,1400 ,,,嘉兴10月新品,凤歌环保,,150,正度,高亮充皮,令,3950,充皮纹/细格纹,,
,,,150,,1575 ,,,,,,150,,哑光充皮,令,3800,羊皮/淮枝,,
,,,240,,2150 ,,,,,,150,,金属充皮,令,3450,峰窜/流沙,,
,,,320,,2600 ,,,,,,柔性定制，适量库存，非样板标准产品，整卷起订约6000张。不足收开机费1500-2500元,,,,,,,
,傲宝(纹面),超白/单面,110,正度,1400 ,正度3令或者1300㎡起，不足开机费300,,,风行触感耐刮型,,120,正度,黑色/单面,令,1300,柔性定制，适量库存，非样板标准产品，整卷起订约6000张。不足收开机费1000-1500元,,
,,,130,,1500 ,,,,,,200,,,令,1675,,,
,,,150,,1675 ,,,,,,250,,,令,1900,,,
,,,240,,2250 ,,,,,,300,,,令,2250,,,
,,,320,,2700 ,,,,,,350,,,令,2350,,,
26,星萃双面,超白/冰白/米白,120,正/大度,1025 ,A,,,,,120,,红色/单面,令,1350,,,
,,,140,,1150 ,,,,,,200,,,令,1725,,,
,,,200,,1500 ,,,,,,250,,,令,1950,,,
,,,230,,1650 ,,,,,,300,,,令,2300,,,
,,,250,,1775 ,,,,,,350,,,令,2400,,,
,,,270,,1900 ,,,嘉兴新品,"新风行金属
（单面）",,135g,正度,冰晶白、晨粉金、玫瑰金、古典金、香槟金、青石金、炫金、太阳金、冰川银、冰晶蓝、梦幻紫、尚品紫、沉稳灰,令,1300,,,
,,雪冰白,120,,865 ,,,,,,,,紫铜金、中国红、烈焰红、红荔红、莱姆绿、翡翠绿、墨青绿、松石绿、晶钻蓝、星空蓝、、银碳色、金棕色、橡木棕、摩卡棕、石砚黑,令,1400,,,
,,,250,,1535 ,,,,,,160g,,太阳金、古典金、香槟金、星空蓝、摩卡棕,令,1450,,,
,,,320,,1870 ,,,,,,230g,,,令,1800,,,
,,金黄/紫红/古铜,140,,1400 ,,,,,风云触感/外购,120,正度,黑色/红色(平面）,令,950,嘉兴适量备货,,
,,太空银/粉红/紫红/米金/金黄/白金,270,,2175 ,,,,,风云流霞,120,,天蓝/粉红/桔黄,令,1100,,,
,,其它深色,270,,2375 ,,,,,,120,,鲜红/酒红/深蓝,令,1150,,,
27,星雨,标准色,130单面,正度,1250,东莞基地适量备货，常备卷筒支持特规分切,,,,万象流金,130单面,正度,平面（20个色）,令,1450,艾利丝、平面，嘉兴备正度规格，大度属于定制，起订数量不少于5000㎡,,
,,,130双面,,1350,,,,,,,,纹面（艾利丝）,令,1500,,,
,,,220,,2100 ,,,,,,200-P30,,平面/纹路,令,1800,,,
,,超白、米白,200,,1700 ,,,,,,130单面,,魅力红,令,1600,,,
,,,260,,2050 ,,,东莞新品,万象牌,踏雪,120,正度,冰川绿、初雪白、甜心粉、极光紫、清新黄、柏香棕,令,1550,东莞仓适量备货,,
,,中国红/艾利丝,130,,1350,,,,,玉沙,120,,沙尘灰、松叶绿、深冬灰、珊瑚粉、郁金紫、麦茶黄、圣洁白、贝壳米,令,1550,,,
,丝雨,标准色,130,正度,1500 ,,,,,万象兰迪,130,正度,"平面,20色",令,1425,东莞基地定制产品，不常备原纸,,
,,,230,,2400 ,,,,,万象魅影,130,正度,"平面,12色",令,1800,东莞基地适量备货，不支持特规,,
,,超白、米白,260,,2250 ,,,,,风云触感（DG）,130,正度,滑系列/红色,令,1100,,,
28,星梦,所有色,120,正度,1535 ,,,,,,130,,滑系列/黑色,令,1050,,,
,飘雪,超白、米白,120,正度,975 ,东莞基地适量备货，常备卷筒支持特规分切,,,,,130,正度,绒系列/红色,令,1350,,,
,,,150,,1075 ,,,,,,130,,绒系列/黑色,令,1200,,,
,,,200,,1400 ,,,,凝灿牌,"流金溢彩
单面纹",130,正度,7色,令,1600,东莞基地定制产品，原纸常备卷筒，支持特规特定,,
,,,250,,1700 ,,,,,,130,,沸点红/优雅米/贵族蓝/银河灰/孔雀蓝,令,1700,,,
,金砂,超白、米白,120,正度,1000 ,,,,,,130,,甜蜜桔/巴黎绿/经典红,令,1875,,,
,,,150,,1100 ,,,嘉兴生产产品,翼羽牌,彩域系列,120,正度,其它色,令,800,,,
,,,200,,1450 ,,,,,,120,,舒适蓝、坚毅棕、谦和灰,令,900,,,
,,,250,,1750 ,,,,,出色充皮,130,正度,高亮,令,1625,,,
29,星采双面,主色双面:白色/米白/银色/太空银/浅紫/粉红/白金/米金/浅蓝/金色/黑色(白底),250,正度,1450 ,,,,,,130,,哑光,令,1925,,,
,,深色双面:古铜/紫红/深紫/蓝色/深绿/深棕/银碳,,,1550 ,,,,风行系列,风行珠光   手袋专用,200,正度,白色,令,1175 ,,,
29,雅花珠光,雅白/平面,230g,正/大度,1000 ,平面：全部克重备货，压纹：128g雅丽纹、莱妮纹备货,,,,,200,,彩色,令,1200 ,,,
,,,300g,,1250 ,,,,,风行珠光,110,,冰白,令,600,柔性定制产品，适量备纸样，非标准产品，整卷6000张起订，低于6000张，开机费600-1000元,,
,,,350g,,1400 ,,,,,,130,,冰白,令,650,,,
30,大地纸,白色/米白/超白,104,正度,1000,,,,,,130,,金黄,令,725,,,
,,,209,,2000,,,,,,120,,主色,令,750,,,
,,,314,,3000,,,,,,,,深色,令,800,,,
,,浅灰/米黄/草绿/红棕/浅棕/深黄/中灰/鲜绿,104,,1050 ,,,,,,,,特殊色,令,850,,,
,,,209,,2100 ,,,,,,130,,定制浅色,令,825,,,
,,,314,,3200 ,,,,,,,,定制深色,令,875,,,
,,紫色/宝蓝/大红/黑色,104,,1125 ,,,,,,250,,冰白,令,1325 ,,,
,,,209,,2250 ,,,,,,300,,,令,1625 ,,,
,,,314,,3400 ,1、东莞为主要备货仓，嘉兴仓和北京仓按需备货,,,,风行充皮,120,正度,黑色,令,750,常备：平面/丝趣/细格/云盾/充皮/莱妮/美梨,,
31,彩烙纸,浅色:咖啡/草绿/浅棕/土黄,100单面,正度,1000 ,,,,,,,,其它色,令,800,,,
,,,200双面,,2050 ,2、定抄颜色最少起订数量15吨/色；,,,,,,,双色,令,900,,,
,,深色:卡其灰/碳黑/酒红/深灰/鲜红,100单面,,1100 ,,,,,"风行充皮
高亮/哑光",120,,黑色,令,1025,柔性定制产品，适量备纸样，非标准产品，整卷6000张起订，低于6000张，开机费600-1000元,,
,,,200双面,,2250 ,3、同色顺带抄造其它克重5吨起,,,,,,,其它色,令,1050,,,
,羊皮纸,9色,89,正度,925 ,,,,,"风行充皮
高克重",230g,,黑色/大红（平面/单面纹）,令,1700 ,,,
,,,176,,1850 ,4、定抄的误差+500kg以内,,,,,250g,,,令,1850 ,,,
32,里纸(羊绒纸),黑色,116,正度,1150 ,,,,,,300g,,,令,2125 ,,,
,,,198,,2000 ,5、货期：25-60天,,,,,350g,,,令,2400 ,,,
,,浅灰/浅棕/咖啡/橙色/枣红/  蓝色/鼠灰,116,,1050 ,,,,,风行触感,120克/平面单面,正度,黑色,令,1250 ,,,
,,,198,,1875 ,纸机抄造幅宽区间1520~1575mm,,,,,,,红色/桔红/金黄/雪白/白色,令,1350 ,,,
,石斑纸,米白/米黄/浅棕,120,正度,825 ,,,,,,,,其它深色,令,1400 ,,,
,,,250,正度,1700 ,,,,,,120克/纹面单面唯真/碎皮/雅丽,,黑色,令,1400 ,,,
,,,300,正度,2050 ,,,,,,,,红色,令,1450 ,,,
33,丝棉纸,米白/米黄/浅棕,100,正度,625 ,,,,,,,,其它色,令,1500 ,,,
,,米白/米黄/浅棕/红棕,200,,1250 ,,,,,,150,,黑色/单面,令,1500 ,,,
,,米白/米黄/浅棕,300,,1875 ,,,,,,250,,,令,2000,,,
,帕斯博       (环保丝点纸),白色/岩白/浅黄/浅棕/浅灰,104,正度,925 ,,,,,,300,,,令,2250,,,
,,,216,,1925 ,,,,,,350,,,令,2525,,,
,,白色/浅黄,298,,2675 ,,,,,,400,,,令,2800,,,
34,环保丝麻纸,本白/米色/浅棕,110,正度,800 ,东莞基地适量备货，不支持特规分切,,,,,260,,黑色/双面,令,2750,,,
,,,210,正度,1475 ,,,,,,150,,红色/单面,令,1500,,,
,,,310,正度,2150 ,,,,,,250,,,令,2025,,,
,环保纤维纸,驼色,270,正度,2365,,,,,,300,,,令,2300,,,
,,,300,,2625,,,,,,350,,,令,2575,,,
,,,400,,3500,,,,,,260,,红色/双面,令,2950,,,
,定位水印水纹,5色,100,430*610,350 ,售完10吨起订,,,,,250g单面,,其它色,令,2225,,,
35,晶彩牛油纸,雪白,75,正度,1001,按需定购，正度,,,,,260g双面,,,令,3000,,,
,,,105,,1397,,,,,,300g单面,,,令,2575,,,
,,,135,,1799,,,,,"风行触感
雅丽纹",P34,,"雅丽纹：桔红(红底）/夜蓝（黑底）/草绿（黑底）/沸红（黑底）
酷黑",令,1800,,,
,,,190,,2530,,,,,,P43,,,令,2100,,,
,,,210,,3652,,,,,"风行触感
雕金",160,正度,定制所有色,令,2200,单款颜色最少起订数量为正度或者大度6000张或者相应门幅的特规不少于5000㎡（误差数±100张以内），允许两个克重，单克重不能少于3000张或者2500㎡，以实际产出数量交付并结算货款。,,
,,彩色/8色,105,,2500 ,,,,,,260,,,令,2900,,,
,,珠光:黄金/银白/米金/银灰,105,,2525 ,,,,,,280,,,令,3000,,,
,,,210,,6500 ,,,,,"风行金属
 雕金",160,,,令,2325,,,
,新和纸,502,60,939*636,3945,整包（200张/包）出售，不接受拆零，货期3~7天,,,,,260,,,令,3025,,,
,,505,60,939*636,3945,,,,,,280,,,令,3100,,,
,,503,90,939*636,5885,,,,,"风行珠光
雕金",160,,,令,1900,,,
,,506,90,939*636,5885,,,,,,260,,,令,2600,,,
36,灵感本质,平面/单纹面,120,正度,1150 ,东莞基地批量备货,,,,,280,,,令,2700,,,
,,,150,,1400 ,东莞基地适量常备：支持特规分切,,1,意象牌,意象触感,130g单面,正度,黑色,令,2700 ,A类,,
,,,220,,2000 ,,,,,,240g单面,,,令,3600 ,,,
,,,250,,2400 ,,,,,,300g单面,,,令,4250 ,,,
,,,300,,2800 ,,,,,,130g单面,,红色,令,2700 ,,,
37,钻石彩卡      彩色,和谐红/贵族蓝,110-350,正度,18900/吨,,,,,,240g单面,,,令,3650 ,,,
,,,110,,900 ,,,,,,135g单面,,白色/象牙,令,2500 ,,,
,,,230,,1865 ,,,,,,260g双面,,,令,5250 ,,,
,,,250,,2025 ,,,,,,330g双面,,,令,5850 ,,,
,,,300,,2430 ,,,2,意象牌,锦絮飞扬,17001-P15,正度,超白/本白/金黄/灰色/深蓝/大红/深棕/深咖啡,令,1300 ,东莞基地定制产品,,
,,,350,,2835 ,,,,,,17001-P24,,超白/本白,令,2100 ,,,
,,,400,,3240 ,,,,,,17001-P30,,,令,2600 ,,,
39,绚烂色卡,其余色,180,正度,1100,非备货产品，按需调拨，货期3~7天,,,,锦絮炫彩,17002-P16,,超白/冰白/米白/白金(单面),令,2400 ,有原纸就接单生产，单独上机200g以下3吨，200g以上(含)40令，顺带生产至少整卷做货。,,
,,中黄 粉红 深黄 桔红 绿色,,,1200,,,,,,17002-P18,,超白/冰白(双面),令,3200 ,,,
,,其余色,250,,1525,,,,,,17001-P28,,,令,4125 ,,,
,,中黄 粉红 深黄 桔红 绿色,,,1675,,,,,,17001-P32,,,令,4700 ,,,
,纪州色纸,浅色,76.7g,正度,716,1、非备货产品，整包起订；,,,,锦絮丽画,17003-P18,,白色/米白,令,3100 ,,,
,,20#荧光黄、29#荧光绿、32#鲜绿、   01#白色,,,791,2、货期3~10天,,3,,新凯维斯    触感平面,130g单面,,橙黄/蔚蓝/暮蓝/芽绿/米白/白色/东方白/冰川蓝,令,1450 ,,,
,,21#大红,,,896,76.7g——250张/包,,,,,,,50个色,令,1650 ,备货产品：1、平面 60个色 正度规格； 2、唯真纹和雅丽纹2个颜色（黑色、红色）  正度规格；,,
,,浅色,124.4g,正度,1157,124.4g——125张/包,,,,,,,凝夜紫/风信紫,令,1750 ,,,
,,20#荧光黄、29#荧光绿、32#鲜绿、   01#白色,,,1197,153.5g——100张/包,,,,,120g单面,,单面-黑平面,令,1350 ,,,
,,21#大红,,,1397,204.7g——100张/包,,,,,130g单面,,,令,1400 ,,,
,,浅色,153.5g,正度,1423,,,,,,150g单面,,,令,1550 ,,,
,,浅色,204.7g,正度,2009,,,,,,240g单面,,,令,1975 ,50个色包括：灰色 红色 正红 藏蓝 宝蓝 咖啡 墨绿 黑色 铅灰 深蓝 棕色 金黄 水蓝 桔红 浓酒红 紫砂棕 胡桃棕 牡丹粉 豆沙粉 香妃粉 荷花粉 缃叶黄 樱草黄 云烟紫   青石灰 青铜绿 织锦灰 光影灰 摩卡灰 寒泉灰 明月黄 凤梨黄 密驼棕 烟叶棕 木姜黄 朱砂红 热带橙 胭脂红 圣女红 晴海绿 松石蓝 青竹绿中国绿 孔雀绿 景泰蓝 暮山紫   长春紫 水墨蓝 黑橡粽 千岁绿,,
贸易,仿纪州色纸（国产纪州色纸）(B),80g,普通色,正度,513 ,1、非备货产品；,,,,,300g单面,,,令,2350 ,,,
,,,特殊色,,543 ,普通色11/12/13/15/16/17/18/19/23/26/27/31/33/37/40/41#；                   特殊色：10/28/32/35#,,,,,350g单面,,,令,2625 ,,,
,,130g,普通色,,829 ,,,,,,250g双面,,双面-黑平面,令,2650 ,,,
,,,特殊色,正度,882 ,,,,,,330g双面,,,令,3050 ,,,
,,160g,普通色,,1025 ,非备货产品，按需调拨，货期3~7天,,,,,120g单面,,单面—红平面,令,1450 ,,,
,,,特殊色,,1146 ,,,,,,130g单面,,,令,1500 ,,,
,,210g,普通色,正度,1342 ,,,,,,150g单面,,,令,1700 ,,,
,,,特殊色,正度,1425 ,,,,,,240g单面,,,令,2300 ,,,
40,IK色纸,6色,75,正度,620 ,A,,,,,300g单面,,,令,2750 ,,,
,,浅色,80,,560 ,,,,,,250g双面,,双面—红平面,令,3050 ,,,
,,深色,,,595 ,,,,,琅彩,130g单面,正度,绿幻 赤幻,令,2800 ,东莞基地定制产品，原纸常备卷筒，支持特规特定,,
,,浅色,120,,840 ,,,,,,,,蓝幻 紫幻 黑幻 棕幻,令,2600 ,,,
,,深色,,,890 ,,,,,,,,金幻 银幻 玫瑰金 香槟金,令,2500 ,,,
,,4浅色,160,,1115 ,,,,,,250g双面,,蓝幻/黑幻/紫幻,令,5200 ,,,
41,新锐色纸,浅色,70-150,正/大度,9700/吨,B,,,,,,,绿幻,令,5600 ,,,
,,深色,80-110,,11000/吨,,,,,,350g单面,,蓝幻/紫幻,令,5000 ,,,
,,柠檬黄/翠绿,80-110,,12000/吨,,,4,凤歌牌,凤歌充皮01-A130（红宝石亮面）,130g,0.79*100,丹荔/斜格   大红,米,7.50 ,定制产品，原纸不常备，接单详询计划部,,
42,原色花纹纸,深色,150,正度,800 ,,,,,,,0.79*100,丹荔/斜格   黑色,米,6.30 ,,,
,,,230,,1150 ,,,,,凤歌充皮02-B130(哑面）,130g,0.79*100,碎皮/丹荔,米,8.30 ,,,
,,,250,,1250 ,,,,,凤歌充皮05-E140（红宝石PU充皮）,140g,正度,平面（单面）,令,4450 ,,,
,,,300,,1500 ,,,,,,300g,正度,,令,6450 ,,,
,,,350,,1725 ,,,5~6,凤歌牌,红宝石      金属充皮,140,0.8*100m,鸟巢/丝趣/云盾/细格  6色,米,7.60 ,,,
43,天丽白卡,亮白,120-400,正/大度,9500/吨,1、东莞批量备货，嘉兴仓个别克重批量备货；,,,,,140,正度,,令,4000 ,,,
,,,120,,490 ,,,,,红宝石     珠光充皮,140,,唯真纹/蜂窝纹,令,4000,,,
,,,140,,572 ,2、有卷筒存货时，分切特规，2500㎡起订（误差数±20张以内），不足收开机费200元,,,,红宝石     皮感充皮,140g,,纳柏纹:灰色/深棕/蓝色/浅棕/桔红/棕色,令,4000,,,
,,,180,,735 ,,,,,红宝石     高亮充皮,140正度,,单色,令,3750 ,,,
,,,230,,939 ,,,,,,,,双色,令,3950 ,,,
,,,250,,1021 ,,,6、8,凤歌牌凯维斯系列,新凯维斯       金属,130,正度,魔丽红 紫砂红 中国蓝 电光蓝 繁星棕 冷翡翠 粟金棕 珍珠灰 薄荷蓝 巧克力,令,1450 ,A类,,
,,,300,,1225 ,纸机造纸幅宽区间（2360~2620）mm,,,,,,,其它色/单面纹双色,令,1400 ,,,
,,,350,,1429 ,,,,,,,,中国红/宙斯黑,令,1600 ,,,
,,,400,,1633 ,,,,,凯维斯      珠光充皮,120,莲珠/蜥蜴荔枝/丝趣,金色/银色,令,1700 ,,,
44,CAD纯白卡,超白,,正/大度,13000/吨,,,,,,,,大红/金铜/宝蓝/紫红/棕桐/紫罗兰,令,1650 ,,,
,,,180,,1005.586592,,,,,凯维斯       UV高亮,130,正度,红色 深蓝 白色 黑色,令,3050 ,,,
,,,200,,1117 ,,,,,,,,双色,令,3375 ,,,
,,,230,,1285 ,1、非公司备货产品,,9,纯粹牌,万象丹荔一号,115g,正度,棕黄/棕红/棕色/天蓝,令,1450 ,1、东莞工厂备货（正度）；,,
,,,250,,1397 ,2、整件起订，不拆零,,,,,,,琥珀/鲜红/深咖啡,令,1550 ,2、定抄，单色3T起，货期15~30天；,,
,,,300,,1676 ,3、如定购特规，卷筒有货的情况下，整卷起定。,,,,万象丹荔二号,115g,正度,超白/天蓝/浅灰/棕黄/棕红/棕色,令,1450 ,,,
,,,350,,1955 ,,,,,,,,果绿 鲜红 深咖啡 琥珀 铬黄,令,1550 ,,,
,,,400,,2235 ,,,,,万象丹荔三号,115g,正度,纯白  沙棕  冷灰,令,1450 ,,,
,畅想平面,超白/本白,120-300,正/大度,9800/吨,售完15吨起订，纸机幅宽区间（1575-1760）mm,,,,,,,鲜红 深咖啡 琥珀,令,1550 ,,,
,嵩厚纸DG,本白,240-300,正度,11500/吨,有卷筒分切特规时，最少起订量1吨，不足须加收开机费200元,,,,万象画布纸,116,正度,超白/米黄/蛋壳黄,令,1000 ,1、东莞工厂备货（正度）；,,
45,美黛白牛皮,本白,100-180,正大度,11000/吨,1、整卷起订,,,,,148,,,令,1300 ,,,
,,,100,,475,2、拆零交付，价格上调5%,,,,,209,,,令,1850 ,2、涉及贸易拆货时价格另外核算,,
,,,120,,565,3、货期3~7天,,,,,116,,大红/深蓝/金黄/灰色,令,1050 ,,,
,,,150,,710,,,,,,148,,,令,1350 ,3、定抄，单色3T起,,
,,,180,,850,787门幅 约600kg/卷,,,,,209,,,令,1900 ,,,
,,,250,,1180,889门幅 约680kg/卷,,新,,万象蝶变纹,100,正度,风信紫,令,1725 ,,,
,正霸白牛皮,本白/高白             （FSC加500/吨）,100-400,正/大度,9300/吨,,,10,,万象皮纹纸,120g,正度,本质皮纹 7色,令,1400 ,S类,,
,,,100,,400 ,,,,,,130g,,充皮皮纹 / 亮光7色,令,1975 ,,,
,,,120,,480 ,,,,,万象麦穗纸,115g,正度,银白、嫩黄、鹅黄、浅灰、棕色,令,1175 ,,,
,,,150,,599 ,1、东莞批量备货,,,,,,,鲜红,,1325 ,,,
,,,180,,719 ,,,,,蚕丝,1.08*100米,,金黄/紫罗兰/太空银/宝蓝/森绿/棕桐,米,15.65 ,按需调拨，定色1000米起订,,
,,,200,,799 ,2、有卷筒存货时，分切特规，2500㎡起订（误差数±20张以内），不足收开机费200元,,,,万象创意纸,120g,正度,"共14色,其中深桔黄/石榴红/海藻红3吨起订",令,1350 ,1、东莞工厂备货；2、卷筒有货时，特规起订数量2000平方米（尾数误差±20张以内），不足起订数量，加收开机费200元。,,
,,,250,,999 ,,,12~16   纯粹牌,,牛津书皮纸,120g,正度,平面/编织/麻布/菱星/新禾/细格/云宣/壁珠/经纬纹,令,1400 ,A类,,
,,,300,,1199 ,,,18~29,纯粹,灵感本质,120,正度,平面及单面纹/所有色,令,1150 ,A类,,
,,,350,,1399 ,,,,,灵感珠光,130,正度,,令,1450 ,,,
,,,400,,1599 ,,,,,灵感充皮,130,正度,,令,1550 ,,,
新增,正霸环保牛卡,本色,250-400,正/大度,9500/吨,1、库存售完，须定抄,,31,凝灿,雅花/珠白,128,正度,平面,令,700 ,B类,,
,,,250,,1021,2、有卷筒存货时，分切特规，2500㎡起订（误差数±20张以内），不足收开机费200元,,,,,,,压纹,令,800 ,,,
,,,300,,1225,,,32~36,凝灿牌,星萃单面,110克单面,正度,冰白/米白/超白,令,800 ,A类,,
,,,350,,1429,"单次开机150吨,单克重不少于30吨",,,,,130克平面/单面纹,,冰白/金黄,令,900 ,,,
,,,400,,1633,造纸机台须满幅2640mm,,,,,,,超白/米白/米金/太空银/粉红/白金/紫红/金黄,令,925 ,,,
,FSC-正霸本色,本色,250-300,正度,11800/吨,"库存售完须定抄，单次开机150吨,单克重不少于30吨",,,,,,,其余色,令,1000 ,,,
,正霸黑卡,黑色,110-150,正/大度,12500/吨,,,37,凝灿牌,星采,120克单面,正度,超白/白色/珠色/银色/太空银/浅紫/粉红/白金/米金/黄金/浅蓝/黑色（白底）,令,850 ,B类,,
,,,250-350,,12000/吨,,,,,,,,深色：古铜/紫红/深紫/蓝色/深绿/深棕/银碳/玫红/海蓝/紫铜/葡萄红,令,900 ,,,
46,特级道林,象牙/本白70/80/100/120/150/200克,,正/大度,11600/吨,非库存产品下单前先询价,,,,,,,黑银/红银/红金/黑金,令,925 ,,,
,特级画刊纸    (新道林),象牙/本白,,正/大度,9600/吨,,,38,,瑰丽系列,120,正度,浅色,令,950 ,东莞基地定制产品，原纸常备卷筒，支持特规特定,,
,,,70,,290,,,,,,,,深棕/宝蓝/金棕/紫铜,令,1050 ,,,
,,,80,,332,,,39~41,,魅力系列,120,浅色,冰白,令,800 ,,,
,,,100,,417,,,,,,,主色,白金|星翠|米金|粉红|天蓝|太空银|金黄|米白|米黄|珠白||白色|黑色|超白/荧粉蓝,令,850 ,,,
,,,120,,496,,,,,,,深色白底,古铜/紫红/香槟/棕铜/宝蓝/紫色/银碳,令,900 ,,,
47,"自然
(轻质纸)",本白,55-120,正/大度,10100/吨,1、东莞批量备（70g/90g)货;,,,,,,其它,幻金/黑金/复色/红银,令,1000 ,,,
,,,70,,305,2、有卷筒存货时，分切特规，2500㎡起订（误差数±20张以内），不足收开机费200元,,41~47,翼羽牌,"亮丽充皮
（高亮系列）",120g,黑色,细格/荔枝/蜥蜴/莲珠/鳄鱼纹/充皮纹,令,1100 ,东莞基地定制产品，原纸常备卷筒，支持特规特定,,
,,,90,,389,,,,,,,其它单色,,令,1150 ,,,
,,,120,,521,,,,,,,双色,,令,1200 ,,,
47,圣经纸,本白,28,正/大度,14800/吨,非备货产品，纸厂有存货的情况下，整件起订,,,,亮丽充皮,120,黑色,"其中蜥蜴/藤条/鳄鱼/兰叶/云盾/莲珠/莱特纹/小皮纹3令起订,其余纹路不限",令,800 ,东莞基地批量备货，可特规特定,,
,,,33,,,,,,,,,其它单色,,令,875 ,,,
,,,40,,,,,,,,,双色,,令,950 ,,,
,,,45,,,,,,,亮丽卡,230,大红/黑色,平面/单面纹,令,1600 ,东莞基地定制产品，原纸常备卷筒，支持特规特定,,
,,,48,,,,,,,,250,,,令,1700 ,,,
47,信封彩色牛皮,金黄牛皮,100,正/大度,1125 ,,,,,,300,,,令,1950 ,,,
,,,120,,1310 ,,,,,,350,,,令,2200 ,,,
,,土黄牛皮,120,,1195 ,,,49~52,◇PVC充皮纸系列,金属PVC,A/G系列,1.08×50m,金属PVC,米,9.30 ,,,
,条纹牛皮,本色条纹牛皮,130,大度,1510 ,,,,,PVC,TC系列,1.08×50m,绒感/触感/皮感平面,米,12.60 ,,,
,,着色条纹牛皮,130,,1685 ,,,,,,FC系列,1.08×50m,绒感/触感/皮感平面,米,10.00 ,,,
48,本牛,精致牛皮,80-145,正/大度,10000/吨,东莞仓适量备货,,,,珠光PVC,T/F/JM系列,1.08×50m,珠光PVC,米,7.80 ,,,
,, 双面牛卡 ,150-450,,9300/吨,,,,,双色系列,DP/CA系列,1.08×50m,双色PVC,米,7.00 ,,,
49,牛油纸,船牌/本色,55-135,正/大度,24000/吨,深圳仓和嘉兴仓备货 正度和大度规格，特规起订数量5000平方米（尾数误差±20张以内），货期4-7天,,,,单色系列,D系列,1.08×50m,单色PVC,米,6.40 ,,,
,,,55,,567 ,,,,,亮面PVC,D7×××,0.787*100,针孔纹,米,9.60 ,,,
,,,65,,670 ,,,53,装帧布,天然丝,,1.42*100米,深红/深蓝/金黄/金棕/金米,米,10.50 ,非备货产品,,
,,,75,,774 ,,,,,东洋细布,,1.08*100米,深咖啡/深蓝/酒红/灰色/大红,米,20.50 ,按需调拨，货期5~10天,,
,,,85,,877 ,,,,,天然麻布,,1.2*100米,白色/灰色/深棕/米色,米,25.00 ,定色：1000-1500米起，以实际颜色评估,,
,,,95,,980 ,,,,工艺纸,手造纸,,1100*800,80-CSP005,令,2200 ,,,
,,,105,,1083 ,,,,,,,,100-CSP005 / 100-CSP011,令,2515 ,,,
,,,115,,1186 ,,,,,,,640*940,HM-001/002/003,令,3890 ,,,
,,,135,,1392 ,,,,,,,正度,KDP775-07红色,令,2965 ,,,
,,,155-190,正/大度,25000/吨,,,,,,,正度,KDP775-10黑色,令,2965 ,,,
,,,155,,1665 ,,,,,,,正度,LJ-018 沙银B,令,6270 ,,,
,,,175,,1880 ,,,,,,,正度,LJ-021古铜,令,4340 ,,,
,,,190,,2041 ,,,54~55,金银花纹纸,,125,正度,金/银  纹面,令,,按单核价,,
,,,210,正/大度,36000/吨,,,,,,128,,金/银  平面,令,,,,
,,,230,,,,,,,,128,,膜拉丝/哑膜(外购),令,,,,
49,国产南亚合成,BCA-0.15,201,正度,1950 ,1、非常备货产品，按需调货,,,,,128,,素面镭射（外购）,令,,,,
,,BCA-0.20,268,,2450 ,2、小批量数量的订单，货期3~5天,,,钻石彩卡-酷黑,,110-400,正度,黑色,吨,14000/吨,东莞备货，2500张起切，不足200开机费,,
,,BCA-0.25,283,,3100 ,3、该款纸张非正宗南亚合成纸产品和价格,,56,哑光黑卡,,110单面,正/大度,哑光单面,令,975 ,东莞基地定制产品，原纸常备卷筒，支持特规特定,,
,,BCA-0.30,340,,3675 ,PH合成纸：属于双面涂布处理；双面乳白哑光。双向撕不破。较柔软。,,,,,250单面,,,令,1550 ,,,
,,BCA-0.40,453,,4900 ,,,,,,300单面,,,令,1900 ,,,
,,PH-120,120,,1300 ,BCA合成纸：特殊雾面处理，双面乳白哑光，挺度佳，单向撕不破。,,,,,350单面,,,令,2150 ,,,
,,PH-150,150,,1400 ,,,,,,150,,新,令,1525 ,,,
,国产合成,80μm,55,正度,950 ,1、非常备货产品，按需调货,,,,,180,,,令,1600 ,,,
,,100μm,68,,1075 ,2、小批量数量的订单，货期3~7天,,,,,200,,,令,1750 ,,,
,,130μm,88,,1300 ,,,,,,230,,,令,1900 ,,,
,,150μm,102,,1425 ,3、该款产品，厚度为其品质指标，克重是参考值，误差在±10g以内,,,,,250,,,令,2000 ,,,
,,180μm,122,,1700 ,,,,,,300,,,令,2300 ,,,
,,200μm,136,,2000 ,,,,,,350,,,令,2550 ,,,
,,230μm,156,,2300 ,双面涂布处理，双面乳白哑光，双向撕不破，较柔软。 该款基材的生产设备幅宽为8.2米。基材常备卷筒幅宽为1.1米和1.2米两个幅宽规格。,,,,,400,,,令,2800 ,,,
,,250μm,170,,2475 ,,,,,,450,,,令,3100 ,,,
,,300μm,204,,2900 ,,,,纯黑卡,,110-150,正/大度,黑色,令,11000/吨,1、东莞大批量备货，造纸幅宽（2460~2780)mm,,
50,纤维纸,1025D,42.5,正度,5350 ,,,,,,200-500,,,吨,10500/吨,2、分切特规2500㎡起订不足开机费200元,,
,,1056D,55,,6150 ,非备货产品,,,高磅黑卡,,600-1200,正度,外购,吨,10500/吨,非备货产品，货期2-3天,,
,,1070D,68,,7750 ,按需调拨，货期须找采购核实,,新增,双面环保黑卡,,110-150,正/大度,,吨,10200/吨,1、东莞批量备货，可定制FSC Recycled 100%,,
,,1073D,75,,8135 ,,,,,,180-350,,,吨,9700/吨,2、切特规2500㎡起订，不足收开机费200元,,
,,1082D,105,,10640 ,,,,嵩厚黑卡,,100-160,正/大度,,吨,13600,,,
,,1443R,43,0.762门幅,8.00 ,,,,,,170-350,,,吨,13000,,,
,坚霸卡,4色,0.55 ,1.37*100米,18.50 ,A,,,,,110,,P155,令,644,非备货产品,,
,洗水纸,本色/黑色/白色/红棕/灰色,0.23mm,1.40*100m,12.00 ,27kg/卷（带纸芯管）,,,,,130,,P185,令,758,,,
,,,0.35mm,1.50*100m,18.00 ,40kg/卷（带纸芯管）,,,,,150,,P215,令,877,按需调拨，货期5~10天,,
,,,0.55mm,1.50*100m,24.00 ,56kg/卷（带纸芯管）,,,,,200,,P310,令,1113,,,
,"全木紧致
吸水纸",0.30-0.65,,正度,15000/吨,非备货产品,,,,,250,,P380,令,1389,,,
,,0.30 ,190,,1225 ,,,,,,300,,P430,令,1670,,,
,,0.40 ,260,,1675 ,,,58,永萃牌,染色坑纸,120g*2,正度     华东外购,牛皮底纸,令,,非库存产品下单前先询价,,
,,0.50 ,280,,1805 ,按需调拨，货期5~10天,,,,原色坑纸,100g*2,,白色,令,1350 ,,,
,,0.55 ,320,,2065 ,,,,,,110g*2,,黑色,令,1600 ,,,
,,0.60 ,360,,2320 ,,,,,三层平面坑,100g*3,,特白,令,1500 ,,,
,,0.70 ,420,,2705 ,,,,,,120g*3,,特白,令,1625 ,,,
,"优印紧致
 吸水纸",0.40-0.80,,800*1100,15500/吨,非备货产品,,,,,,,纯黑,令,1925 ,,,
,,0.40 ,250,,1700 ,,,,,,,,,,,,,
,,0.60 ,350,,2375 ,按需调拨，货期5~10天,,注:,1、大度价格为正度价格*1.24,,,,,,,,,
,,0.80 ,450,,3120 ,,,,,,,,,,,,,
,薄型包装纸,单拷,14,正度,95,1、该类型的纸张非常薄，每包最上面的10张左右由于封包时无法避免，故不在品质投诉范围内；,,,,,,,,,,,,
,,双拷,17,,130,,,,,,,,,,,,,
,,彩色拷贝纸,17,500*750,110,2、涉及拆件定购时，纸张由于搬动会有包装破损和纸张折痕，无法避免，不属于品质投诉范围,,,,,,,,,,,,
,,,14,508*660,90,,,,,,,,,,,,,
,食品纸,防油纸,38g,762*1016,275,3、涉及打样时，最少起订量为1包；单款11令起订，打板；不拆包销售，低于11令价格上调3-5%，货期3-5天,,,,,,,,,,,,
,,,40g,,380,,,,,,,,,,,,,
,,腊光纸,22,750*1000,140 ,4、以上提示，同时适用于30g的雪梨纸，31g薄型纸及其它相近克重的纸张。,,,,,,,,,,,,
,,,24,,155 ,,,,,,,,,,,,,
,,,31,,200 ,,,,,,,,,,,,,
东莞贸易新增,优质玻璃卡,本色,250,正度,2150 ,,,,,,,,,,,,,
,,,300,,2575 ,,,,,,,,,,,,,
,,,350,,3000 ,,,,,,,,,,,,,
,单粉卡,平面,230-350,正度,7500/吨,,,,,,,,,,,,,
,,,230,,745 ,,,,,,,,,,,,,
,,,300,,975 ,,,,,,,,,,,,,
,,,350,,1135 ,,,,,,,,,,,,,
,石头纸,石头纸（松厚度1.2左右）,96,正度,450,,,,,,,,,,,,,
,,,120,,550,,,,,,,,,,,,,
,,,144,,665,,,,,,,,,,,,,
,,,168,,775,非备货产品,,,,,,,,,,,,
,,,192,,885,,,,,,,,,,,,,
,,,216,,1000,按需调拨，货期5~10天,,,,,,,,,,,,
,,,240,,1100,,,,,,,,,,,,,
,,石头纸（松厚度1.5左右）,300,,1750,,,,,,,,,,,,,
,,,375,,2200,,,,,,,,,,,,,
,,,450,,2625,,,,,,,,,,,,,
,,,525,,3075,,,,,,,,,,,,,
,,,600,,3500,,,,,,,,,,,,,
注,1、大度价格为正度价格*1.24,,,,,,,,,,,,,,,,,
,,,,,,,,,,,,,,,,,,
,,,,,,,,,,,,,,,,,,
,,,,,,,,,,,,,,,,,,
,,,,,,,,,,,,,,,,,,
,,,,,,,,,,,,,,,,,,
,,,,,,,,,,,,,,,,,,
,,,,,,,,,,,,,,,,,,
,,,,,,,,,,,,,,,,,,
,,,,,,,,,,,,,,,,,,
,,,,,,,,,,,,,,,,,,
,,,,,,,,,,,,,,,,,,
,,,,,,,,,,,,,,,,,,
,,,,,,,,,,,,,,,,,,
,,,,,,,,,,,,,,,,,,
,,,,,,,,,,,,,,,,,,
,,,,,,,,,,,,,,,,,,
,,,,,,,,,,,,,,,,,,
,,,,,,,,,,,,,,,,,,
,,,,,,,,,,,,,,,,,,
,,,,,,,,,,,,,,,,,,
,,,,,,,,,,,,,,,,,,
,,,,,,,,,,,,,,,,,,
,,,,,,,,,,,,,,,,,,
,,,,,,,,,,,,,,,,,,
,,,,,,,,,,,,,,,,,,
,,,,,,,,,,,,,,,,,,
,,,,,,,,,,,,,,,,,,
,,,,,,,,,,,,,,,,,,
,,,,,,,,,,,,,,,,,,
,,,,,,,,,,,,,,,,,,
,,,,,,,,,,,,,,,,,,
,,,,,,,,,,,,,,,,,,
,,,,,,,,,,,,,,,,,,
,,,,,,,,,,,,,,,,,,
,,,,,,,,,,,,,,,,,,
,,,,,,,,,,,,,,,,,,
,,,,,,,,,,,,,,,,,,
,,,,,,,,,,,,,,,,,,
,,,,,,,,,,,,,,,,,,
,,,,,,,,,,,,,,,,,,
,,,,,,,,,,,,,,,,,,
,,,,,,,,,,,,,,,,,,
,,,,,,,,,,,,,,,,,,
,,,,,,,,,,,,,,,,,,
,,,,,,,,,,,,,,,,,,
,,,,,,,,,,,,,,,,,,
,,,,,,,,,,,,,,,,,,
,,,,,,,,,,,,,,,,,,
,,,,,,,,,,,,,,,,,,
,,,,,,,,,,,,,,,,,,
,,,,,,,,,,,,,,,,,,
,,,,,,,,,,,,,,,,,,
,,,,,,,,,,,,,,,,,,
,,,,,,,,,,,,,,,,,,
,,,,,,,,,,,,,,,,,,
,,,,,,,,,,,,,,,,,,
,,,,,,,,,,,,,,,,,,
,,,,,,,,,,,,,,,,,,
,,,,,,,,,,,,,,,,,,
,,,,,,,,,,,,,,,,,,
,,,,,,,,,,,,,,,,,,
,,,,,,,,,,,,,,,,,,
,,,,,,,,,,,,,,,,,,
,,,,,,,,,,,,,,,,,,
,,,,,,,,,,,,,,,,,,
,,,,,,,,,,,,,,,,,,
,,,,,,,,,,,,,,,,,,
,,,,,,,,,,,,,,,,,,
,,,,,,,,,,,,,,,,,,
,,,,,,,,,,,,,,,,,,
,,,,,,,,,,,,,,,,,,
,,,,,,,,,,,,,,,,,,
,,,,,,,,,,,,,,,,,,
,,,,,,,,,,,,,,,,,,
,,,,,,,,,,,,,,,,,,
,,,,,,,,,,,,,,,,,,
,,,,,,,,,,,,,,,,,,
,,,,,,,,,,,,,,,,,,
,,,,,,,,,,,,,,,,,,
,,,,,,,,,,,,,,,,,,
,,,,,,,,,,,,,,,,,,
,,,,,,,,,,,,,,,,,,
,,,,,,,,,,,,,,,,,,
,,,,,,,,,,,,,,,,,,
,,,,,,,,,,,,,,,,,,
,,,,,,,,,,,,,,,,,,
,,,,,,,,,,,,,,,,,,
,,,,,,,,,,,,,,,,,,
,,,,,,,,,,,,,,,,,,
,,,,,,,,,,,,,,,,,,
,,,,,,,,,,,,,,,,,,
,,,,,,,,,,,,,,,,,,
,,,,,,,,,,,,,,,,,,
,,,,,,,,,,,,,,,,,,
,,,,,,,,,,,,,,,,,,
,,,,,,,,,,,,,,,,,,
,,,,,,,,,,,,,,,,,,
,,,,,,,,,,,,,,,,,,
,,,,,,,,,,,,,,,,,,
,,,,,,,,,,,,,,,,,,
,,,,,,,,,,,,,,,,,,
,,,,,,,,,,,,,,,,,,
,,,,,,,,,,,,,,,,,,
,,,,,,,,,,,,,,,,,,
,,,,,,,,,,,,,,,,,,
,,,,,,,,,,,,,,,,,,
,,,,,,,,,,,,,,,,,,
,,,,,,,,,,,,,,,,,,
,,,,,,,,,,,,,,,,,,
,,,,,,,,,,,,,,,,,,
,,,,,,,,,,,,,,,,,,
,,,,,,,,,,,,,,,,,,
,,,,,,,,,,,,,,,,,,
,,,,,,,,,,,,,,,,,,
,,,,,,,,,,,,,,,,,,
,,,,,,,,,,,,,,,,,,
,,,,,,,,,,,,,,,,,,
,,,,,,,,,,,,,,,,,,
,,,,,,,,,,,,,,,,,,
,,,,,,,,,,,,,,,,,,
,,,,,,,,,,,,,,,,,,
,,,,,,,,,,,,,,,,,,
,,,,,,,,,,,,,,,,,,
,,,,,,,,,,,,,,,,,,
,,,,,,,,,,,,,,,,,,
,,,,,,,,,,,,,,,,,,
,,,,,,,,,,,,,,,,,,
,,,,,,,,,,,,,,,,,,
,,,,,,,,,,,,,,,,,,
,,,,,,,,,,,,,,,,,,
,,,,,,,,,,,,,,,,,,
,,,,,,,,,,,,,,,,,,
,,,,,,,,,,,,,,,,,,
,,,,,,,,,,,,,,,,,,
,,,,,,,,,,,,,,,,,,
,,,,,,,,,,,,,,,,,,
,,,,,,,,,,,,,,,,,,
,,,,,,,,,,,,,,,,,,
,,,,,,,,,,,,,,,,,,
,,,,,,,,,,,,,,,,,,
,,,,,,,,,,,,,,,,,,
,,,,,,,,,,,,,,,,,,
,,,,,,,,,,,,,,,,,,
,,,,,,,,,,,,,,,,,,
,,,,,,,,,,,,,,,,,,
,,,,,,,,,,,,,,,,,,
,,,,,,,,,,,,,,,,,,
,,,,,,,,,,,,,,,,,,
,,,,,,,,,,,,,,,,,,
,,,,,,,,,,,,,,,,,,
,,,,,,,,,,,,,,,,,,
,,,,,,,,,,,,,,,,,,
,,,,,,,,,,,,,,,,,,
,,,,,,,,,,,,,,,,,,
,,,,,,,,,,,,,,,,,,
,,,,,,,,,,,,,,,,,,
,,,,,,,,,,,,,,,,,,
,,,,,,,,,,,,,,,,,,
,,,,,,,,,,,,,,,,,,
,,,,,,,,,,,,,,,,,,
,,,,,,,,,,,,,,,,,,
,,,,,,,,,,,,,,,,,,
,,,,,,,,,,,,,,,,,,
,,,,,,,,,,,,,,,,,,
,,,,,,,,,,,,,,,,,,
,,,,,,,,,,,,,,,,,,
,,,,,,,,,,,,,,,,,,
,,,,,,,,,,,,,,,,,,
,,,,,,,,,,,,,,,,,,
,,,,,,,,,,,,,,,,,,
,,,,,,,,,,,,,,,,,,
,,,,,,,,,,,,,,,,,,
,,,,,,,,,,,,,,,,,,
,,,,,,,,,,,,,,,,,,
,,,,,,,,,,,,,,,,,,
,,,,,,,,,,,,,,,,,,
,,,,,,,,,,,,,,,,,,
,,,,,,,,,,,,,,,,,,
,,,,,,,,,,,,,,,,,,
,,,,,,,,,,,,,,,,,,
,,,,,,,,,,,,,,,,,,
,,,,,,,,,,,,,,,,,,
,,,,,,,,,,,,,,,,,,
,,,,,,,,,,,,,,,,,,
,,,,,,,,,,,,,,,,,,
,,,,,,,,,,,,,,,,,,
,,,,,,,,,,,,,,,,,,
,,,,,,,,,,,,,,,,,,
,,,,,,,,,,,,,,,,,,
,,,,,,,,,,,,,,,,,,
,,,,,,,,,,,,,,,,,,
,,,,,,,,,,,,,,,,,,
,,,,,,,,,,,,,,,,,,
,,,,,,,,,,,,,,,,,,
,,,,,,,,,,,,,,,,,,
,,,,,,,,,,,,,,,,,,
,,,,,,,,,,,,,,,,,,
,,,,,,,,,,,,,,,,,,
,,,,,,,,,,,,,,,,,,
,,,,,,,,,,,,,,,,,,
,,,,,,,,,,,,,,,,,,
,,,,,,,,,,,,,,,,,,
,,,,,,,,,,,,,,,,,,
,,,,,,,,,,,,,,,,,,
,,,,,,,,,,,,,,,,,,
,,,,,,,,,,,,,,,,,,
,,,,,,,,,,,,,,,,,,
,,,,,,,,,,,,,,,,,,
,,,,,,,,,,,,,,,,,,
,,,,,,,,,,,,,,,,,,
,,,,,,,,,,,,,,,,,,
,,,,,,,,,,,,,,,,,,
,,,,,,,,,,,,,,,,,,
,,,,,,,,,,,,,,,,,,
,,,,,,,,,,,,,,,,,,
,,,,,,,,,,,,,,,,,,
,,,,,,,,,,,,,,,,,,
,,,,,,,,,,,,,,,,,,
,,,,,,,,,,,,,,,,,,
,,,,,,,,,,,,,,,,,,
,,,,,,,,,,,,,,,,,,
,,,,,,,,,,,,,,,,,,
,,,,,,,,,,,,,,,,,,
,,,,,,,,,,,,,,,,,,
,,,,,,,,,,,,,,,,,,
,,,,,,,,,,,,,,,,,,
,,,,,,,,,,,,,,,,,,
,,,,,,,,,,,,,,,,,,
,,,,,,,,,,,,,,,,,,
,,,,,,,,,,,,,,,,,,
,,,,,,,,,,,,,,,,,,
,,,,,,,,,,,,,,,,,,
,,,,,,,,,,,,,,,,,,
,,,,,,,,,,,,,,,,,,
,,,,,,,,,,,,,,,,,,
,,,,,,,,,,,,,,,,,,
,,,,,,,,,,,,,,,,,,
,,,,,,,,,,,,,,,,,,
,,,,,,,,,,,,,,,,,,
,,,,,,,,,,,,,,,,,,
,,,,,,,,,,,,,,,,,,
,,,,,,,,,,,,,,,,,,
,,,,,,,,,,,,,,,,,,
,,,,,,,,,,,,,,,,,,
,,,,,,,,,,,,,,,,,,
,,,,,,,,,,,,,,,,,,
,,,,,,,,,,,,,,,,,,
,,,,,,,,,,,,,,,,,,
,,,,,,,,,,,,,,,,,,
,,,,,,,,,,,,,,,,,,
,,,,,,,,,,,,,,,,,,
,,,,,,,,,,,,,,,,,,
,,,,,,,,,,,,,,,,,,
,,,,,,,,,,,,,,,,,,
,,,,,,,,,,,,,,,,,,
,,,,,,,,,,,,,,,,,,
,,,,,,,,,,,,,,,,,,
,,,,,,,,,,,,,,,,,,
,,,,,,,,,,,,,,,,,,
,,,,,,,,,,,,,,,,,,
,,,,,,,,,,,,,,,,,,
,,,,,,,,,,,,,,,,,,
,,,,,,,,,,,,,,,,,,
,,,,,,,,,,,,,,,,,,
,,,,,,,,,,,,,,,,,,
,,,,,,,,,,,,,,,,,,
,,,,,,,,,,,,,,,,,,
,,,,,,,,,,,,,,,,,,
,,,,,,,,,,,,,,,,,,
,,,,,,,,,,,,,,,,,,
,,,,,,,,,,,,,,,,,,
,,,,,,,,,,,,,,,,,,
,,,,,,,,,,,,,,,,,,
,,,,,,,,,,,,,,,,,,
,,,,,,,,,,,,,,,,,,
,,,,,,,,,,,,,,,,,,
,,,,,,,,,,,,,,,,,,
,,,,,,,,,,,,,,,,,,
,,,,,,,,,,,,,,,,,,
,,,,,,,,,,,,,,,,,,
,,,,,,,,,,,,,,,,,,
,,,,,,,,,,,,,,,,,,
,,,,,,,,,,,,,,,,,,
,,,,,,,,,,,,,,,,,,
,,,,,,,,,,,,,,,,,,
,,,,,,,,,,,,,,,,,,
,,,,,,,,,,,,,,,,,,
,,,,,,,,,,,,,,,,,,
,,,,,,,,,,,,,,,,,,
,,,,,,,,,,,,,,,,,,
,,,,,,,,,,,,,,,,,,
,,,,,,,,,,,,,,,,,,
,,,,,,,,,,,,,,,,,,
,,,,,,,,,,,,,,,,,,
,,,,,,,,,,,,,,,,,,
,,,,,,,,,,,,,,,,,,
,,,,,,,,,,,,,,,,,,
,,,,,,,,,,,,,,,,,,
,,,,,,,,,,,,,,,,,,
,,,,,,,,,,,,,,,,,,
,,,,,,,,,,,,,,,,,,
,,,,,,,,,,,,,,,,,,
,,,,,,,,,,,,,,,,,,
,,,,,,,,,,,,,,,,,,
,,,,,,,,,,,,,,,,,,
,,,,,,,,,,,,,,,,,,
,,,,,,,,,,,,,,,,,,
,,,,,,,,,,,,,,,,,,
,,,,,,,,,,,,,,,,,,
,,,,,,,,,,,,,,,,,,
,,,,,,,,,,,,,,,,,,
,,,,,,,,,,,,,,,,,,
,,,,,,,,,,,,,,,,,,
,,,,,,,,,,,,,,,,,,
,,,,,,,,,,,,,,,,,,
,,,,,,,,,,,,,,,,,,
,,,,,,,,,,,,,,,,,,
,,,,,,,,,,,,,,,,,,
,,,,,,,,,,,,,,,,,,
,,,,,,,,,,,,,,,,,,
,,,,,,,,,,,,,,,,,,
,,,,,,,,,,,,,,,,,,
,,,,,,,,,,,,,,,,,,
,,,,,,,,,,,,,,,,,,
,,,,,,,,,,,,,,,,,,
,,,,,,,,,,,,,,,,,,
,,,,,,,,,,,,,,,,,,
,,,,,,,,,,,,,,,,,,
,,,,,,,,,,,,,,,,,,
,,,,,,,,,,,,,,,,,,
,,,,,,,,,,,,,,,,,,
,,,,,,,,,,,,,,,,,,
,,,,,,,,,,,,,,,,,,
,,,,,,,,,,,,,,,,,,
,,,,,,,,,,,,,,,,,,
,,,,,,,,,,,,,,,,,,
,,,,,,,,,,,,,,,,,,
,,,,,,,,,,,,,,,,,,
,,,,,,,,,,,,,,,,,,
,,,,,,,,,,,,,,,,,,
,,,,,,,,,,,,,,,,,,
,,,,,,,,,,,,,,,,,,
,,,,,,,,,,,,,,,,,,
,,,,,,,,,,,,,,,,,,
,,,,,,,,,,,,,,,,,,
,,,,,,,,,,,,,,,,,,
,,,,,,,,,,,,,,,,,,
,,,,,,,,,,,,,,,,,,
,,,,,,,,,,,,,,,,,,
,,,,,,,,,,,,,,,,,,
,,,,,,,,,,,,,,,,,,
,,,,,,,,,,,,,,,,,,
,,,,,,,,,,,,,,,,,,
,,,,,,,,,,,,,,,,,,
,,,,,,,,,,,,,,,,,,
,,,,,,,,,,,,,,,,,,
,,,,,,,,,,,,,,,,,,
,,,,,,,,,,,,,,,,,,
,,,,,,,,,,,,,,,,,,
,,,,,,,,,,,,,,,,,,
,,,,,,,,,,,,,,,,,,
,,,,,,,,,,,,,,,,,,
,,,,,,,,,,,,,,,,,,
,,,,,,,,,,,,,,,,,,
,,,,,,,,,,,,,,,,,,
,,,,,,,,,,,,,,,,,,
,,,,,,,,,,,,,,,,,,
,,,,,,,,,,,,,,,,,,
,,,,,,,,,,,,,,,,,,
,,,,,,,,,,,,,,,,,,
,,,,,,,,,,,,,,,,,,
,,,,,,,,,,,,,,,,,,
,,,,,,,,,,,,,,,,,,
,,,,,,,,,,,,,,,,,,
,,,,,,,,,,,,,,,,,,
,,,,,,,,,,,,,,,,,,
,,,,,,,,,,,,,,,,,,
,,,,,,,,,,,,,,,,,,
,,,,,,,,,,,,,,,,,,
,,,,,,,,,,,,,,,,,,
,,,,,,,,,,,,,,,,,,
,,,,,,,,,,,,,,,,,,
,,,,,,,,,,,,,,,,,,
,,,,,,,,,,,,,,,,,,
,,,,,,,,,,,,,,,,,,
,,,,,,,,,,,,,,,,,,
,,,,,,,,,,,,,,,,,,
,,,,,,,,,,,,,,,,,,
,,,,,,,,,,,,,,,,,,
,,,,,,,,,,,,,,,,,,
,,,,,,,,,,,,,,,,,,
,,,,,,,,,,,,,,,,,,
,,,,,,,,,,,,,,,,,,
,,,,,,,,,,,,,,,,,,
,,,,,,,,,,,,,,,,,,
,,,,,,,,,,,,,,,,,,
,,,,,,,,,,,,,,,,,,
,,,,,,,,,,,,,,,,,,
,,,,,,,,,,,,,,,,,,
,,,,,,,,,,,,,,,,,,
,,,,,,,,,,,,,,,,,,
,,,,,,,,,,,,,,,,,,
